1.000000000000000056e-01,0.000000000000000000e+00,0.000000000000000000e+00,0.000000000000000000e+00,0.000000000000000000e+00,4.173360335046651937e-01,8.397586380877540835e-01,5.425173139654726473e-01,0.000000000000000000e+00,0.000000000000000000e+00,0.000000000000000000e+00,2.046485931778631862e-01,-9.995934566034361257e-01,6.314092814418837962e-01
2.000000000000000111e-01,0.000000000000000000e+00,0.000000000000000000e+00,0.000000000000000000e+00,0.000000000000000000e+00,4.173360335046651937e-01,8.397586380877540835e-01,5.425173139654726473e-01,0.000000000000000000e+00,0.000000000000000000e+00,0.000000000000000000e+00,2.046485931778631862e-01,-9.995934566034361257e-01,6.314092814418837962e-01
3.000000000000000444e-01,0.000000000000000000e+00,1.445057639057009402e-01,4.998999575478222379e-01,8.428181396210627785e-01,4.173360335046651937e-01,8.397586380877540835e-01,5.425173139654726473e-01,1.445635169506233331e-01,-5.001036557823947959e-01,8.427962672902765684e-01,2.046485931778631862e-01,-9.995934566034361257e-01,6.314092814418837962e-01
4.000000000000000222e-01,0.000000000000000000e+00,1.445057639057009402e-01,4.998999575478222379e-01,8.428181396210627785e-01,4.173360335046651937e-01,8.397586380877540835e-01,5.425173139654726473e-01,1.445635169506233331e-01,-5.001036557823947959e-01,8.427962672902765684e-01,2.046485931778631862e-01,-9.995934566034361257e-01,6.314092814418837962e-01
5.000000000000000000e-01,0.000000000000000000e+00,1.445057794392596850e-01,4.998999557180351938e-01,8.428180962613903704e-01,4.173360335046651937e-01,8.397586380877540835e-01,5.425173139654726473e-01,1.445645639121665993e-01,-5.001037364163037902e-01,8.427960522744494254e-01,2.046485931778631862e-01,-9.995934566034361257e-01,6.314092814418837962e-01
5.999999999999999778e-01,0.000000000000000000e+00,1.445056916271591774e-01,4.998998820014122213e-01,8.428181969682557728e-01,4.173360335046651937e-01,8.397586380877540835e-01,5.425173139654726473e-01,1.445634694139698584e-01,-5.001037258854051926e-01,8.427962003937637947e-01,2.046485931778631862e-01,-9.995934566034361257e-01,6.314092814418837962e-01
6.999999999999999556e-01,0.000000000000000000e+00,1.445056916271591774e-01,4.998998820014122213e-01,8.428181969682557728e-01,4.173360335046651937e-01,8.397586380877540835e-01,5.425173139654726473e-01,1.445634694139698584e-01,-5.001037258854051926e-01,8.427962003937637947e-01,2.046485931778631862e-01,-9.995934566034361257e-01,6.314092814418837962e-01
7.999999999999999334e-01,0.000000000000000000e+00,1.445066330178881309e-01,4.999000200107916458e-01,8.428179072941701655e-01,4.173360335046651937e-01,8.397586380877540835e-01,5.425173139654726473e-01,1.445646966481522189e-01,-5.001035400401342423e-01,8.427959569772794923e-01,2.046485931778631862e-01,-9.995934566034361257e-01,6.314092814418837962e-01
8.999999999999999112e-01,0.000000000000000000e+00,1.445057680873894634e-01,4.998999012293571242e-01,8.428181251125621554e-01,4.173360335046651937e-01,8.397586380877540835e-01,5.425173139654726473e-01,1.445638164784789348e-01,-5.001036642680914968e-01,8.427960869355459739e-01,2.046485931778631862e-01,-9.995934566034361257e-01,6.314092814418837962e-01
9.999999999999998890e-01,0.000000000000000000e+00,1.451544973452488785e-01,5.017776898147611186e-01,8.417061459295244186e-01,4.173360335046651937e-01,8.397586380877540835e-01,5.425173139654726473e-01,1.445731259327852625e-01,-5.006805701073162584e-01,8.421004495467364626e-01,2.046485931778631862e-01,-9.995934566034361257e-01,6.314092814418837962e-01
1.099999999999999867e+00,0.000000000000000000e+00,1.481000314779542804e-01,5.098215931036856885e-01,8.369506983943315603e-01,4.173360335046651937e-01,8.397586380877540835e-01,5.425173139654726473e-01,1.446924452944866879e-01,-5.030624359722849492e-01,8.392737321176240162e-01,2.046485931778631862e-01,-9.995934566034361257e-01,6.314092814418837962e-01
1.199999999999999956e+00,0.000000000000000000e+00,1.481000314779542804e-01,5.098215931036856885e-01,8.369506983943315603e-01,4.173360335046651937e-01,8.397586380877540835e-01,5.425173139654726473e-01,1.446924452944866879e-01,-5.030624359722849492e-01,8.392737321176240162e-01,2.046485931778631862e-01,-9.995934566034361257e-01,6.314092814418837962e-01
1.300000000000000044e+00,0.000000000000000000e+00,1.522322064183751211e-01,5.205677124054721716e-01,8.304250248881483998e-01,4.173360335046651937e-01,8.397586380877540835e-01,5.425173139654726473e-01,1.452617729363837318e-01,-5.061758144707971807e-01,8.355460341129324897e-01,2.046485931778631862e-01,-9.995934566034361257e-01,6.314092814418837962e-01
1.400000000000000133e+00,0.000000000000000000e+00,1.628366656704802740e-01,5.494940113203614640e-01,8.111318083076278773e-01,4.173360335046651937e-01,8.397586380877540835e-01,5.425173139654726473e-01,1.473381071525023678e-01,-5.144831574625970960e-01,8.251823580549961790e-01,2.046485931778631862e-01,-9.995934566034361257e-01,6.314092814418837962e-01
1.500000000000000222e+00,0.000000000000000000e+00,1.657240749867206209e-01,5.577555098571944647e-01,8.049323027781043471e-01,4.173360335046651937e-01,8.397586380877540835e-01,5.425173139654726473e-01,1.480045968833101910e-01,-5.168677533731154128e-01,8.219848490865310220e-01,2.046485931778631862e-01,-9.995934566034361257e-01,6.314092814418837962e-01
1.600000000000000311e+00,0.000000000000000000e+00,1.672819273425302788e-01,5.622118468201060537e-01,8.014586099068424785e-01,4.173360335046651937e-01,8.397586380877540835e-01,5.425173139654726473e-01,1.483851925347534628e-01,-5.181744185350084519e-01,8.202286987515140515e-01,2.046485931778631862e-01,-9.995934566034361257e-01,6.314092814418837962e-01
1.700000000000000400e+00,0.000000000000000000e+00,1.673954943015483476e-01,5.624816600117222842e-01,8.012278418450514694e-01,4.173360335046651937e-01,8.397586380877540835e-01,5.425173139654726473e-01,1.484276539946368101e-01,-5.182597641444237624e-01,8.201038451814071095e-01,2.046485931778631862e-01,-9.995934566034361257e-01,6.314092814418837962e-01
1.800000000000000488e+00,0.000000000000000000e+00,1.673954943015483476e-01,5.624816600117222842e-01,8.012278418450514694e-01,4.173360335046651937e-01,8.397586380877540835e-01,5.425173139654726473e-01,1.484276539946368101e-01,-5.182597641444237624e-01,8.201038451814071095e-01,2.046485931778631862e-01,-9.995934566034361257e-01,6.314092814418837962e-01
1.900000000000000577e+00,0.000000000000000000e+00,1.676907007355069590e-01,5.630138741109717015e-01,8.010468416251984580e-01,4.173360335046651937e-01,8.397586380877540835e-01,5.425173139654726473e-01,1.483242983165244111e-01,-5.184112261663811339e-01,8.200161695217609292e-01,2.046485931778631862e-01,-9.995934566034361257e-01,6.314092814418837962e-01
2.000000000000000444e+00,0.000000000000000000e+00,1.763011242294096892e-01,5.765684242675258586e-01,7.954401751515188801e-01,4.173360335046651937e-01,8.397586380877540835e-01,5.425173139654726473e-01,1.452212225449000249e-01,-5.226889857574213982e-01,8.183942498824303691e-01,2.046485931778631862e-01,-9.995934566034361257e-01,6.314092814418837962e-01
2.100000000000000533e+00,0.000000000000000000e+00,1.835992545177048962e-01,5.880613559730835105e-01,7.904738245060258794e-01,4.173360335046651937e-01,8.397586380877540835e-01,5.425173139654726473e-01,1.429457609121376482e-01,-5.262201971715955162e-01,8.171123472072171490e-01,2.046485931778631862e-01,-9.995934566034361257e-01,6.314092814418837962e-01
2.200000000000000622e+00,0.000000000000000000e+00,1.835992545177048962e-01,5.880613559730835105e-01,7.904738245060258794e-01,4.173360335046651937e-01,8.397586380877540835e-01,5.425173139654726473e-01,1.429457609121376482e-01,-5.262201971715955162e-01,8.171123472072171490e-01,2.046485931778631862e-01,-9.995934566034361257e-01,6.314092814418837962e-01
2.300000000000000711e+00,0.000000000000000000e+00,2.062594882223935111e-01,6.254705169284551225e-01,7.715478442915828516e-01,4.173360335046651937e-01,8.397586380877540835e-01,5.425173139654726473e-01,1.357034294208661340e-01,-5.376949149208518630e-01,8.127748553454979819e-01,2.046485931778631862e-01,-9.995934566034361257e-01,6.314092814418837962e-01
2.400000000000000799e+00,0.000000000000000000e+00,2.198148107860160294e-01,6.495172063979510746e-01,7.568524629394322023e-01,4.173360335046651937e-01,8.397586380877540835e-01,5.425173139654726473e-01,1.308434757682601368e-01,-5.452139346431554845e-01,8.096802800388007704e-01,2.046485931778631862e-01,-9.995934566034361257e-01,6.314092814418837962e-01
2.500000000000000888e+00,0.000000000000000000e+00,2.198148107860160294e-01,6.495172063979510746e-01,7.568524629394322023e-01,4.173360335046651937e-01,8.397586380877540835e-01,5.425173139654726473e-01,1.308434757682601368e-01,-5.452139346431554845e-01,8.096802800388007704e-01,2.046485931778631862e-01,-9.995934566034361257e-01,6.314092814418837962e-01
2.600000000000000977e+00,0.000000000000000000e+00,2.458410337463785011e-01,7.034925730428455148e-01,7.165404033557886132e-01,4.173360335046651937e-01,8.397586380877540835e-01,5.425173139654726473e-01,1.193147110827999791e-01,-5.625846837783186061e-01,8.017509756666167942e-01,2.046485931778631862e-01,-9.995934566034361257e-01,6.314092814418837962e-01
2.700000000000001066e+00,0.000000000000000000e+00,2.544487498463891550e-01,7.255297488297085540e-01,6.970079981346570808e-01,4.173360335046651937e-01,8.397586380877540835e-01,5.425173139654726473e-01,1.142777648313049316e-01,-5.699319357543135567e-01,7.980042200421709753e-01,2.046485931778631862e-01,-9.995934566034361257e-01,6.314092814418837962e-01
2.800000000000001155e+00,0.000000000000000000e+00,2.617228052886303447e-01,7.480555390402385818e-01,6.750135729040154242e-01,4.173360335046651937e-01,8.397586380877540835e-01,5.425173139654726473e-01,1.088456042797837364e-01,-5.777306827647558096e-01,7.938003745833249747e-01,2.046485931778631862e-01,-9.995934566034361257e-01,6.314092814418837962e-01
2.900000000000001243e+00,0.000000000000000000e+00,2.617228052886303447e-01,7.480555390402385818e-01,6.750135729040154242e-01,4.173360335046651937e-01,8.397586380877540835e-01,5.425173139654726473e-01,1.088456042797837364e-01,-5.777306827647558096e-01,7.938003745833249747e-01,2.046485931778631862e-01,-9.995934566034361257e-01,6.314092814418837962e-01
3.000000000000001332e+00,0.000000000000000000e+00,2.672455466491527876e-01,7.712637589880353417e-01,6.502112459522213506e-01,4.173360335046651937e-01,8.397586380877540835e-01,5.425173139654726473e-01,1.030623883189101531e-01,-5.860390504551077351e-01,7.889501654887499660e-01,2.046485931778631862e-01,-9.995934566034361257e-01,6.314092814418837962e-01
3.100000000000001421e+00,0.000000000000000000e+00,2.686077220713367075e-01,7.788011480433404410e-01,6.415358039101956011e-01,4.173360335046651937e-01,8.397586380877540835e-01,5.425173139654726473e-01,1.010680838146200550e-01,-5.888406763761107054e-01,7.872566727026084621e-01,2.046485931778631862e-01,-9.995934566034361257e-01,6.314092814418837962e-01
3.200000000000001510e+00,0.000000000000000000e+00,2.693934888477816370e-01,7.844376736438970488e-01,6.349187021700076761e-01,4.173360335046651937e-01,8.397586380877540835e-01,5.425173139654726473e-01,9.954880229484713849e-02,-5.909471123576074403e-01,7.859583140500248089e-01,2.046485931778631862e-01,-9.995934566034361257e-01,6.314092814418837962e-01
3.300000000000001599e+00,0.000000000000000000e+00,2.696897654472963923e-01,7.868481744924983312e-01,6.320458973439980754e-01,4.173360335046651937e-01,8.397586380877540835e-01,5.425173139654726473e-01,9.889034113220881994e-02,-5.918604738192559944e-01,7.853879317686798256e-01,2.046485931778631862e-01,-9.995934566034361257e-01,6.314092814418837962e-01
3.400000000000001688e+00,0.000000000000000000e+00,2.696897654472963923e-01,7.868481744924983312e-01,6.320458973439980754e-01,4.173360335046651937e-01,8.397586380877540835e-01,5.425173139654726473e-01,9.889034113220881994e-02,-5.918604738192559944e-01,7.853879317686798256e-01,2.046485931778631862e-01,-9.995934566034361257e-01,6.314092814418837962e-01
3.500000000000001776e+00,0.000000000000000000e+00,2.697488058614488926e-01,7.868359508468423247e-01,6.320460861609656922e-01,4.173360335046651937e-01,8.397586380877540835e-01,5.425173139654726473e-01,9.889994609427768535e-02,-5.918545772114428560e-01,7.853780880859853042e-01,2.046485931778631862e-01,-9.995934566034361257e-01,6.314092814418837962e-01
3.600000000000001865e+00,0.000000000000000000e+00,2.702061845367703663e-01,7.863024282306366741e-01,6.311439296820657852e-01,4.173360335046651937e-01,8.397586380877540835e-01,5.425173139654726473e-01,9.804675987209013344e-02,-5.962229051624893250e-01,7.860021676272850311e-01,2.046485931778631862e-01,-9.995934566034361257e-01,6.314092814418837962e-01
3.700000000000001954e+00,0.000000000000000000e+00,2.718358238631085055e-01,7.845375792453900265e-01,6.289815301111614243e-01,4.173360335046651937e-01,8.397586380877540835e-01,5.425173139654726473e-01,9.589980264955673406e-02,-6.072135961672594506e-01,7.874311918099246022e-01,2.046485931778631862e-01,-9.995934566034361257e-01,6.314092814418837962e-01
3.800000000000002043e+00,0.000000000000000000e+00,2.718358238631085055e-01,7.845375792453900265e-01,6.289815301111614243e-01,4.173360335046651937e-01,8.397586380877540835e-01,5.425173139654726473e-01,9.589980264955673406e-02,-6.072135961672594506e-01,7.874311918099246022e-01,2.046485931778631862e-01,-9.995934566034361257e-01,6.314092814418837962e-01
3.900000000000002132e+00,0.000000000000000000e+00,2.764638551077490680e-01,7.797445086677997628e-01,6.238341937203023546e-01,4.173360335046651937e-01,8.397586380877540835e-01,5.425173139654726473e-01,9.007318049078737177e-02,-6.383494786256398434e-01,7.904994976852972588e-01,2.046485931778631862e-01,-9.995934566034361257e-01,6.314092814418837962e-01
4.000000000000001776e+00,0.000000000000000000e+00,2.803491977738421514e-01,7.756375705870058868e-01,6.198855571176881130e-01,4.173360335046651937e-01,8.397586380877540835e-01,5.425173139654726473e-01,8.470050643006232782e-02,-6.633497839095962023e-01,7.916024827156425969e-01,2.046485931778631862e-01,-9.995934566034361257e-01,6.314092814418837962e-01
4.100000000000001421e+00,0.000000000000000000e+00,2.803491977738421514e-01,7.756375705870058868e-01,6.198855571176881130e-01,4.173360335046651937e-01,8.397586380877540835e-01,5.425173139654726473e-01,8.470050643006232782e-02,-6.633497839095962023e-01,7.916024827156425969e-01,2.046485931778631862e-01,-9.995934566034361257e-01,6.314092814418837962e-01
4.200000000000001066e+00,0.000000000000000000e+00,2.891436577925644569e-01,7.656005996349848353e-01,6.101590658636094622e-01,4.173360335046651937e-01,8.397586380877540835e-01,5.425173139654726473e-01,6.818994174264353392e-02,-7.253757605493315053e-01,7.890387596165728823e-01,2.046485931778631862e-01,-9.995934566034361257e-01,6.314092814418837962e-01
4.300000000000000711e+00,0.000000000000000000e+00,2.942834343661992480e-01,7.592055163932168727e-01,6.041134244954288190e-01,4.173360335046651937e-01,8.397586380877540835e-01,5.425173139654726473e-01,5.545108191119075408e-02,-7.634567295436425205e-01,7.836019577526878166e-01,2.046485931778631862e-01,-9.995934566034361257e-01,6.314092814418837962e-01
4.400000000000000355e+00,0.000000000000000000e+00,3.000921221569367026e-01,7.514730637105216937e-01,5.971821008120226093e-01,4.173360335046651937e-01,8.397586380877540835e-01,5.425173139654726473e-01,3.822965255092965892e-02,-8.060159069637143903e-01,7.740075690007612863e-01,2.046485931778631862e-01,-9.995934566034361257e-01,6.314092814418837962e-01
4.500000000000000000e+00,0.000000000000000000e+00,3.000921221569367026e-01,7.514730637105216937e-01,5.971821008120226093e-01,4.173360335046651937e-01,8.397586380877540835e-01,5.425173139654726473e-01,3.822965255092965892e-02,-8.060159069637143903e-01,7.740075690007612863e-01,2.046485931778631862e-01,-9.995934566034361257e-01,6.314092814418837962e-01
4.599999999999999645e+00,0.000000000000000000e+00,3.064157203294652909e-01,7.422537400050612799e-01,5.889238785497181716e-01,4.173360335046651937e-01,8.397586380877540835e-01,5.425173139654726473e-01,1.435262742809555354e-02,-8.547172952324250117e-01,7.579403373712324532e-01,2.046485931778631862e-01,-9.995934566034361257e-01,6.314092814418837962e-01
4.699999999999999289e+00,0.000000000000000000e+00,3.091097195336851011e-01,7.380753291013465445e-01,5.853462227006547280e-01,4.173360335046651937e-01,8.397586380877540835e-01,5.425173139654726473e-01,1.435262742809555354e-02,-8.547172952324250117e-01,7.579403373712324532e-01,2.046485931778631862e-01,-9.995934566034361257e-01,6.314092814418837962e-01
4.799999999999998934e+00,0.000000000000000000e+00,3.106135220311716516e-01,7.355903494833089251e-01,5.830220147838545142e-01,4.173360335046651937e-01,8.397586380877540835e-01,5.425173139654726473e-01,-6.170767702655948362e-04,-8.801901365389593890e-01,7.471049274736205614e-01,2.046485931778631862e-01,-9.995934566034361257e-01,6.314092814418837962e-01
4.899999999999998579e+00,0.000000000000000000e+00,3.106135220311716516e-01,7.355903494833089251e-01,5.830220147838545142e-01,4.173360335046651937e-01,8.397586380877540835e-01,5.425173139654726473e-01,-7.835703544044983829e-03,-8.920013422708992223e-01,7.414460721252461584e-01,2.046485931778631862e-01,-9.995934566034361257e-01,6.314092814418837962e-01
4.999999999999998224e+00,0.000000000000000000e+00,3.120250181402556833e-01,7.332697282459977872e-01,5.810761716386183551e-01,4.173360335046651937e-01,8.397586380877540835e-01,5.425173139654726473e-01,-1.415554746316206522e-02,-9.012311358283169316e-01,7.367152411453868899e-01,2.046485931778631862e-01,-9.995934566034361257e-01,6.314092814418837962e-01
5.099999999999997868e+00,0.000000000000000000e+00,3.120250181402556833e-01,7.332697282459977872e-01,5.810761716386183551e-01,4.173360335046651937e-01,8.397586380877540835e-01,5.425173139654726473e-01,-1.792224826956427888e-02,-9.067157584129642567e-01,7.338272869418982491e-01,2.046485931778631862e-01,-9.995934566034361257e-01,6.314092814418837962e-01
5.199999999999997513e+00,0.000000000000000000e+00,3.120250181402556833e-01,7.332697282459977872e-01,5.810761716386183551e-01,4.173360335046651937e-01,8.397586380877540835e-01,5.425173139654726473e-01,-1.778865129089432853e-02,-9.067260199158444500e-01,7.338143857892671651e-01,2.046485931778631862e-01,-9.995934566034361257e-01,6.314092814418837962e-01
5.299999999999997158e+00,0.000000000000000000e+00,3.120250181402556833e-01,7.332697282459977872e-01,5.810761716386183551e-01,4.173360335046651937e-01,8.397586380877540835e-01,5.425173139654726473e-01,-1.778865129089432853e-02,-9.067260199158444500e-01,7.338143857892671651e-01,2.046485931778631862e-01,-9.995934566034361257e-01,6.314092814418837962e-01
5.399999999999996803e+00,0.000000000000000000e+00,3.120250181402556833e-01,7.332697282459977872e-01,5.810761716386183551e-01,4.173360335046651937e-01,8.397586380877540835e-01,5.425173139654726473e-01,-1.805483733899920090e-02,-9.068240438741395071e-01,7.335777772560649890e-01,2.046485931778631862e-01,-9.995934566034361257e-01,6.314092814418837962e-01
5.499999999999996447e+00,0.000000000000000000e+00,3.120250181402556833e-01,7.332697282459977872e-01,5.810761716386183551e-01,4.173360335046651937e-01,8.397586380877540835e-01,5.425173139654726473e-01,-1.907340928698298202e-02,-9.071448039633613902e-01,7.327615618248782825e-01,2.046485931778631862e-01,-9.995934566034361257e-01,6.314092814418837962e-01
5.599999999999996092e+00,0.000000000000000000e+00,3.120250181402556833e-01,7.332697282459977872e-01,5.810761716386183551e-01,4.173360335046651937e-01,8.397586380877540835e-01,5.425173139654726473e-01,-1.923900754777855757e-02,-9.072021952994148153e-01,7.326104016532508645e-01,2.046485931778631862e-01,-9.995934566034361257e-01,6.314092814418837962e-01
5.699999999999995737e+00,0.000000000000000000e+00,3.120250181402556833e-01,7.332697282459977872e-01,5.810761716386183551e-01,4.173360335046651937e-01,8.397586380877540835e-01,5.425173139654726473e-01,-1.920021752947518451e-02,-9.071978805937467305e-01,7.326187457351955867e-01,2.046485931778631862e-01,-9.995934566034361257e-01,6.314092814418837962e-01
5.799999999999995381e+00,0.000000000000000000e+00,3.120250181402556833e-01,7.332697282459977872e-01,5.810761716386183551e-01,4.173360335046651937e-01,8.397586380877540835e-01,5.425173139654726473e-01,-1.920021752947518451e-02,-9.071978805937467305e-01,7.326187457351955867e-01,2.046485931778631862e-01,-9.995934566034361257e-01,6.314092814418837962e-01
5.899999999999995026e+00,0.000000000000000000e+00,3.120250181402556833e-01,7.332697282459977872e-01,5.810761716386183551e-01,4.173360335046651937e-01,8.397586380877540835e-01,5.425173139654726473e-01,-1.922061577201612456e-02,-9.071923514265262112e-01,7.326260907873584083e-01,2.046485931778631862e-01,-9.995934566034361257e-01,6.314092814418837962e-01
5.999999999999994671e+00,0.000000000000000000e+00,3.120250181402556833e-01,7.332697282459977872e-01,5.810761716386183551e-01,4.173360335046651937e-01,8.397586380877540835e-01,5.425173139654726473e-01,-1.923525449561552109e-02,-9.071911640325919235e-01,7.326289708794504474e-01,2.046485931778631862e-01,-9.995934566034361257e-01,6.314092814418837962e-01
6.099999999999994316e+00,0.000000000000000000e+00,3.120250181402556833e-01,7.332697282459977872e-01,5.810761716386183551e-01,4.173360335046651937e-01,8.397586380877540835e-01,5.425173139654726473e-01,-1.923525449561552109e-02,-9.071911640325919235e-01,7.326289708794504474e-01,2.046485931778631862e-01,-9.995934566034361257e-01,6.314092814418837962e-01
6.199999999999993960e+00,0.000000000000000000e+00,3.120250181402556833e-01,7.332697282459977872e-01,5.810761716386183551e-01,4.173360335046651937e-01,8.397586380877540835e-01,5.425173139654726473e-01,-1.926033853518020755e-02,-9.071959625499608215e-01,7.326273491203396659e-01,2.046485931778631862e-01,-9.995934566034361257e-01,6.314092814418837962e-01
6.299999999999993605e+00,0.000000000000000000e+00,3.120250181402556833e-01,7.332697282459977872e-01,5.810761716386183551e-01,4.173360335046651937e-01,8.397586380877540835e-01,5.425173139654726473e-01,-1.927410123525215291e-02,-9.072004791313734717e-01,7.326244252149686220e-01,2.046485931778631862e-01,-9.995934566034361257e-01,6.314092814418837962e-01
6.399999999999993250e+00,0.000000000000000000e+00,3.120250181402556833e-01,7.332697282459977872e-01,5.810761716386183551e-01,4.173360335046651937e-01,8.397586380877540835e-01,5.425173139654726473e-01,-1.928845538481903724e-02,-9.072033791222247068e-01,7.326244497544041057e-01,2.046485931778631862e-01,-9.995934566034361257e-01,6.314092814418837962e-01
6.499999999999992895e+00,0.000000000000000000e+00,3.120250181402556833e-01,7.332697282459977872e-01,5.810761716386183551e-01,4.173360335046651937e-01,8.397586380877540835e-01,5.425173139654726473e-01,-1.928845538481903724e-02,-9.072033791222247068e-01,7.326244497544041057e-01,2.046485931778631862e-01,-9.995934566034361257e-01,6.314092814418837962e-01
6.599999999999992539e+00,0.000000000000000000e+00,3.120250181402556833e-01,7.332697282459977872e-01,5.810761716386183551e-01,4.173360335046651937e-01,8.397586380877540835e-01,5.425173139654726473e-01,-1.930803982677953626e-02,-9.072175460639829714e-01,7.326119285780932078e-01,2.046485931778631862e-01,-9.995934566034361257e-01,6.314092814418837962e-01
6.699999999999992184e+00,0.000000000000000000e+00,3.120250181402556833e-01,7.332697282459977872e-01,5.810761716386183551e-01,4.173360335046651937e-01,8.397586380877540835e-01,5.425173139654726473e-01,-1.931931564667179607e-02,-9.072262466261312719e-01,7.326034800201918218e-01,2.046485931778631862e-01,-9.995934566034361257e-01,6.314092814418837962e-01
6.799999999999991829e+00,0.000000000000000000e+00,3.120250181402556833e-01,7.332697282459977872e-01,5.810761716386183551e-01,4.173360335046651937e-01,8.397586380877540835e-01,5.425173139654726473e-01,-1.932171093949876239e-02,-9.072305289753732627e-01,7.326001610816021969e-01,2.046485931778631862e-01,-9.995934566034361257e-01,6.314092814418837962e-01
6.899999999999991473e+00,0.000000000000000000e+00,3.120250181402556833e-01,7.332697282459977872e-01,5.810761716386183551e-01,4.173360335046651937e-01,8.397586380877540835e-01,5.425173139654726473e-01,-1.932171093949876239e-02,-9.072305289753732627e-01,7.326001610816021969e-01,2.046485931778631862e-01,-9.995934566034361257e-01,6.314092814418837962e-01
6.999999999999991118e+00,0.000000000000000000e+00,3.120250181402556833e-01,7.332697282459977872e-01,5.810761716386183551e-01,4.173360335046651937e-01,8.397586380877540835e-01,5.425173139654726473e-01,-1.933472260616748983e-02,-9.072382806017433854e-01,7.325931109731322888e-01,2.046485931778631862e-01,-9.995934566034361257e-01,6.314092814418837962e-01
7.099999999999990763e+00,0.000000000000000000e+00,3.120250181402556833e-01,7.332697282459977872e-01,5.810761716386183551e-01,4.173360335046651937e-01,8.397586380877540835e-01,5.425173139654726473e-01,-1.933821964210527197e-02,-9.072407939260297427e-01,7.325908161899876703e-01,2.046485931778631862e-01,-9.995934566034361257e-01,6.314092814418837962e-01
7.199999999999990408e+00,0.000000000000000000e+00,3.120250181402556833e-01,7.332697282459977872e-01,5.810761716386183551e-01,4.173360335046651937e-01,8.397586380877540835e-01,5.425173139654726473e-01,-1.934083510928653535e-02,-9.072398375886612243e-01,7.325919788619514872e-01,2.046485931778631862e-01,-9.995934566034361257e-01,6.314092814418837962e-01
7.299999999999990052e+00,0.000000000000000000e+00,3.120250181402556833e-01,7.332697282459977872e-01,5.810761716386183551e-01,4.173360335046651937e-01,8.397586380877540835e-01,5.425173139654726473e-01,-1.934083510928653535e-02,-9.072398375886612243e-01,7.325919788619514872e-01,2.046485931778631862e-01,-9.995934566034361257e-01,6.314092814418837962e-01
7.399999999999989697e+00,0.000000000000000000e+00,3.120250181402556833e-01,7.332697282459977872e-01,5.810761716386183551e-01,4.173360335046651937e-01,8.397586380877540835e-01,5.425173139654726473e-01,-1.397914952430496724e-02,-9.061081260878486310e-01,7.343706674878545115e-01,2.046485931778631862e-01,-9.995934566034361257e-01,6.314092814418837962e-01
7.499999999999989342e+00,0.000000000000000000e+00,3.120250181402556833e-01,7.332697282459977872e-01,5.810761716386183551e-01,4.173360335046651937e-01,8.397586380877540835e-01,5.425173139654726473e-01,6.262433951668540388e-03,-9.022653558811016827e-01,7.396407431550700018e-01,2.046485931778631862e-01,-9.995934566034361257e-01,6.314092814418837962e-01
7.599999999999988987e+00,0.000000000000000000e+00,3.120250181402556833e-01,7.332697282459977872e-01,5.810761716386183551e-01,4.173360335046651937e-01,8.397586380877540835e-01,5.425173139654726473e-01,6.262433951668540388e-03,-9.022653558811016827e-01,7.396407431550700018e-01,2.046485931778631862e-01,-9.995934566034361257e-01,6.314092814418837962e-01
7.699999999999988631e+00,0.000000000000000000e+00,3.120250181402556833e-01,7.332697282459977872e-01,5.810761716386183551e-01,4.173360335046651937e-01,8.397586380877540835e-01,5.425173139654726473e-01,4.647043473535682201e-02,-8.918258328571253557e-01,7.502407807495035108e-01,2.046485931778631862e-01,-9.995934566034361257e-01,6.314092814418837962e-01
7.799999999999988276e+00,0.000000000000000000e+00,3.120250181402556833e-01,7.332697282459977872e-01,5.810761716386183551e-01,4.173360335046651937e-01,8.397586380877540835e-01,5.425173139654726473e-01,8.458518044841849270e-02,-8.796506142526842043e-01,7.580211869022395188e-01,2.046485931778631862e-01,-9.995934566034361257e-01,6.314092814418837962e-01
7.899999999999987921e+00,0.000000000000000000e+00,3.120250181402556833e-01,7.332697282459977872e-01,5.810761716386183551e-01,4.173360335046651937e-01,8.397586380877540835e-01,5.425173139654726473e-01,8.458518044841849270e-02,-8.796506142526842043e-01,7.580211869022395188e-01,2.046485931778631862e-01,-9.995934566034361257e-01,6.314092814418837962e-01
7.999999999999987566e+00,0.000000000000000000e+00,3.120250181402556833e-01,7.332697282459977872e-01,5.810761716386183551e-01,4.173360335046651937e-01,8.397586380877540835e-01,5.425173139654726473e-01,1.246694071592560210e-01,-8.637786134896560108e-01,7.648557599651353289e-01,2.046485931778631862e-01,-9.995934566034361257e-01,6.314092814418837962e-01
8.099999999999987210e+00,0.000000000000000000e+00,3.120250181402556833e-01,7.332697282459977872e-01,5.810761716386183551e-01,4.173360335046651937e-01,8.397586380877540835e-01,5.425173139654726473e-01,1.915952432250299098e-01,-8.306165447041008454e-01,7.713122968898491472e-01,2.046485931778631862e-01,-9.995934566034361257e-01,6.314092814418837962e-01
8.199999999999986855e+00,0.000000000000000000e+00,3.120250181402556833e-01,7.332697282459977872e-01,5.810761716386183551e-01,4.173360335046651937e-01,8.397586380877540835e-01,5.425173139654726473e-01,2.445383439249353141e-01,-7.975008871576146907e-01,7.720162690883343171e-01,2.046485931778631862e-01,-9.995934566034361257e-01,6.314092814418837962e-01
8.299999999999986500e+00,0.000000000000000000e+00,3.120250181402556833e-01,7.332697282459977872e-01,5.810761716386183551e-01,4.173360335046651937e-01,8.397586380877540835e-01,5.425173139654726473e-01,3.103734202357688599e-01,-7.461020975070264960e-01,7.662828338139406892e-01,2.046485931778631862e-01,-9.995934566034361257e-01,6.314092814418837962e-01
8.399999999999986144e+00,0.000000000000000000e+00,3.120250181402556833e-01,7.332697282459977872e-01,5.810761716386183551e-01,4.173360335046651937e-01,8.397586380877540835e-01,5.425173139654726473e-01,3.821083202468550377e-01,-6.720506827390853033e-01,7.487895937580525407e-01,2.046485931778631862e-01,-9.995934566034361257e-01,6.314092814418837962e-01
8.499999999999985789e+00,0.000000000000000000e+00,3.120250181402556833e-01,7.332697282459977872e-01,5.810761716386183551e-01,4.173360335046651937e-01,8.397586380877540835e-01,5.425173139654726473e-01,3.821083202468550377e-01,-6.720506827390853033e-01,7.487895937580525407e-01,2.046485931778631862e-01,-9.995934566034361257e-01,6.314092814418837962e-01
8.599999999999985434e+00,0.000000000000000000e+00,3.120250181402556833e-01,7.332697282459977872e-01,5.810761716386183551e-01,4.173360335046651937e-01,8.397586380877540835e-01,5.425173139654726473e-01,4.362199771390353753e-01,-5.965246727429825979e-01,7.227685553960018217e-01,2.046485931778631862e-01,-9.995934566034361257e-01,6.314092814418837962e-01
8.699999999999985079e+00,0.000000000000000000e+00,3.120250181402556833e-01,7.332697282459977872e-01,5.810761716386183551e-01,4.173360335046651937e-01,8.397586380877540835e-01,5.425173139654726473e-01,4.565124346206855810e-01,-5.605946862386065321e-01,7.079762075478625016e-01,2.046485931778631862e-01,-9.995934566034361257e-01,6.314092814418837962e-01
8.799999999999984723e+00,0.000000000000000000e+00,3.120250181402556833e-01,7.332697282459977872e-01,5.810761716386183551e-01,4.173360335046651937e-01,8.397586380877540835e-01,5.425173139654726473e-01,4.717055214015828390e-01,-5.299723366686757142e-01,6.937130101948715266e-01,2.046485931778631862e-01,-9.995934566034361257e-01,6.314092814418837962e-01
8.899999999999984368e+00,0.000000000000000000e+00,3.120250181402556833e-01,7.332697282459977872e-01,5.810761716386183551e-01,4.173360335046651937e-01,8.397586380877540835e-01,5.425173139654726473e-01,4.717055214015828390e-01,-5.299723366686757142e-01,6.937130101948715266e-01,2.046485931778631862e-01,-9.995934566034361257e-01,6.314092814418837962e-01
8.999999999999984013e+00,0.000000000000000000e+00,3.120250181402556833e-01,7.332697282459977872e-01,5.810761716386183551e-01,4.173360335046651937e-01,8.397586380877540835e-01,5.425173139654726473e-01,4.871434932930756578e-01,-4.928254798728195496e-01,6.754710633489507954e-01,2.046485931778631862e-01,-9.995934566034361257e-01,6.314092814418837962e-01
9.099999999999983658e+00,0.000000000000000000e+00,3.120250181402556833e-01,7.332697282459977872e-01,5.810761716386183551e-01,4.173360335046651937e-01,8.397586380877540835e-01,5.425173139654726473e-01,4.917288488279685232e-01,-4.788161696758047592e-01,6.686673276225519880e-01,2.046485931778631862e-01,-9.995934566034361257e-01,6.314092814418837962e-01
9.199999999999983302e+00,0.000000000000000000e+00,3.120250181402556833e-01,7.332697282459977872e-01,5.810761716386183551e-01,4.173360335046651937e-01,8.397586380877540835e-01,5.425173139654726473e-01,4.937050803390666820e-01,-4.730234536180496496e-01,6.655261387973419041e-01,2.046485931778631862e-01,-9.995934566034361257e-01,6.314092814418837962e-01
9.299999999999982947e+00,0.000000000000000000e+00,3.120250181402556833e-01,7.332697282459977872e-01,5.810761716386183551e-01,4.173360335046651937e-01,8.397586380877540835e-01,5.425173139654726473e-01,4.937050803390666820e-01,-4.730234536180496496e-01,6.655261387973419041e-01,2.046485931778631862e-01,-9.995934566034361257e-01,6.314092814418837962e-01
9.399999999999982592e+00,0.000000000000000000e+00,3.120250181402556833e-01,7.332697282459977872e-01,5.810761716386183551e-01,4.173360335046651937e-01,8.397586380877540835e-01,5.425173139654726473e-01,4.937262355625172683e-01,-4.744741014365487786e-01,6.656768300784088321e-01,2.046485931778631862e-01,-9.995934566034361257e-01,6.314092814418837962e-01
9.499999999999982236e+00,0.000000000000000000e+00,3.120250181402556833e-01,7.332697282459977872e-01,5.810761716386183551e-01,4.173360335046651937e-01,8.397586380877540835e-01,5.425173139654726473e-01,4.916281776743476883e-01,-4.861210473706152335e-01,6.677670638293936589e-01,2.046485931778631862e-01,-9.995934566034361257e-01,6.314092814418837962e-01
9.599999999999981881e+00,0.000000000000000000e+00,3.120250181402556833e-01,7.332697282459977872e-01,5.810761716386183551e-01,4.173360335046651937e-01,8.397586380877540835e-01,5.425173139654726473e-01,4.879356242328768412e-01,-5.084631669978985080e-01,6.712339859024355482e-01,2.046485931778631862e-01,-9.995934566034361257e-01,6.314092814418837962e-01
9.699999999999981526e+00,0.000000000000000000e+00,3.120250181402556833e-01,7.332697282459977872e-01,5.810761716386183551e-01,4.173360335046651937e-01,8.397586380877540835e-01,5.425173139654726473e-01,4.828427847613140922e-01,-5.318745017537608311e-01,6.751082291558800907e-01,2.046485931778631862e-01,-9.995934566034361257e-01,6.314092814418837962e-01
9.799999999999981171e+00,0.000000000000000000e+00,3.120250181402556833e-01,7.332697282459977872e-01,5.810761716386183551e-01,4.173360335046651937e-01,8.397586380877540835e-01,5.425173139654726473e-01,4.828427847613140922e-01,-5.318745017537608311e-01,6.751082291558800907e-01,2.046485931778631862e-01,-9.995934566034361257e-01,6.314092814418837962e-01
9.899999999999980815e+00,0.000000000000000000e+00,3.120250181402556833e-01,7.332697282459977872e-01,5.810761716386183551e-01,4.173360335046651937e-01,8.397586380877540835e-01,5.425173139654726473e-01,4.601481177574875958e-01,-6.097922035649928629e-01,6.831818985260680321e-01,2.046485931778631862e-01,-9.995934566034361257e-01,6.314092814418837962e-01
9.999999999999980460e+00,0.000000000000000000e+00,3.120250181402556833e-01,7.332697282459977872e-01,5.810761716386183551e-01,4.173360335046651937e-01,8.397586380877540835e-01,5.425173139654726473e-01,4.414106653628787624e-01,-6.577628621206392801e-01,6.836097641009187820e-01,2.046485931778631862e-01,-9.995934566034361257e-01,6.314092814418837962e-01
1.009999999999998010e+01,0.000000000000000000e+00,3.120250181402556833e-01,7.332697282459977872e-01,5.810761716386183551e-01,4.173360335046651937e-01,8.397586380877540835e-01,5.425173139654726473e-01,4.166053714611377412e-01,-7.104115340646007803e-01,6.800894732526907571e-01,2.046485931778631862e-01,-9.995934566034361257e-01,6.314092814418837962e-01
1.019999999999997975e+01,0.000000000000000000e+00,3.120250181402556833e-01,7.332697282459977872e-01,5.810761716386183551e-01,4.173360335046651937e-01,8.397586380877540835e-01,5.425173139654726473e-01,4.166053714611377412e-01,-7.104115340646007803e-01,6.800894732526907571e-01,2.046485931778631862e-01,-9.995934566034361257e-01,6.314092814418837962e-01
1.029999999999997939e+01,0.000000000000000000e+00,3.120250181402556833e-01,7.332697282459977872e-01,5.810761716386183551e-01,4.173360335046651937e-01,8.397586380877540835e-01,5.425173139654726473e-01,3.967536256045947063e-01,-7.463697873112208336e-01,6.737620634016789900e-01,2.046485931778631862e-01,-9.995934566034361257e-01,6.314092814418837962e-01
1.039999999999997904e+01,0.000000000000000000e+00,3.120250181402556833e-01,7.332697282459977872e-01,5.810761716386183551e-01,4.173360335046651937e-01,8.397586380877540835e-01,5.425173139654726473e-01,3.639380944055085609e-01,-7.976088608042841699e-01,6.598189483109438980e-01,2.046485931778631862e-01,-9.995934566034361257e-01,6.314092814418837962e-01
1.049999999999997868e+01,0.000000000000000000e+00,3.120250181402556833e-01,7.332697282459977872e-01,5.810761716386183551e-01,4.173360335046651937e-01,8.397586380877540835e-01,5.425173139654726473e-01,3.535183192749915548e-01,-8.123329689367511097e-01,6.540840585180842659e-01,2.046485931778631862e-01,-9.995934566034361257e-01,6.314092814418837962e-01
1.059999999999997833e+01,0.000000000000000000e+00,3.120250181402556833e-01,7.332697282459977872e-01,5.810761716386183551e-01,4.173360335046651937e-01,8.397586380877540835e-01,5.425173139654726473e-01,3.535183192749915548e-01,-8.123329689367511097e-01,6.540840585180842659e-01,2.046485931778631862e-01,-9.995934566034361257e-01,6.314092814418837962e-01
1.069999999999997797e+01,0.000000000000000000e+00,3.120250181402556833e-01,7.332697282459977872e-01,5.810761716386183551e-01,4.173360335046651937e-01,8.397586380877540835e-01,5.425173139654726473e-01,3.420932697149590695e-01,-8.273585696684918611e-01,6.480083204948665632e-01,2.046485931778631862e-01,-9.995934566034361257e-01,6.314092814418837962e-01
1.079999999999997762e+01,0.000000000000000000e+00,3.120250181402556833e-01,7.332697282459977872e-01,5.810761716386183551e-01,4.173360335046651937e-01,8.397586380877540835e-01,5.425173139654726473e-01,3.431216758903919417e-01,-8.262585871930583359e-01,6.480407997152886068e-01,2.046485931778631862e-01,-9.995934566034361257e-01,6.314092814418837962e-01
1.089999999999997726e+01,0.000000000000000000e+00,3.120250181402556833e-01,7.332697282459977872e-01,5.810761716386183551e-01,4.173360335046651937e-01,8.397586380877540835e-01,5.425173139654726473e-01,3.421233194824283008e-01,-8.276783966382268432e-01,6.483438450450589308e-01,2.046485931778631862e-01,-9.995934566034361257e-01,6.314092814418837962e-01
1.099999999999997691e+01,0.000000000000000000e+00,3.120250181402556833e-01,7.332697282459977872e-01,5.810761716386183551e-01,4.173360335046651937e-01,8.397586380877540835e-01,5.425173139654726473e-01,3.421233194824283008e-01,-8.276783966382268432e-01,6.483438450450589308e-01,2.046485931778631862e-01,-9.995934566034361257e-01,6.314092814418837962e-01
1.109999999999997655e+01,1.000000000000000000e+00,3.120250181402556833e-01,7.332697282459977872e-01,5.810761716386183551e-01,4.173360335046651937e-01,8.397586380877540835e-01,5.425173139654726473e-01,3.242206767788740618e-01,-8.508885070312227628e-01,6.521050239278660676e-01,2.046485931778631862e-01,-9.995934566034361257e-01,6.314092814418837962e-01
1.119999999999997620e+01,2.000000000000000000e+00,3.120250181402556833e-01,7.332697282459977872e-01,5.810761716386183551e-01,2.881017028257780166e-01,7.837575715881037741e-01,4.865801860369207699e-01,3.125967903713297025e-01,-8.659682365687982886e-01,6.543965797717590238e-01,4.080559343751960499e-01,-7.545717228952263378e-01,7.009577415813017520e-01
1.129999999999997584e+01,2.000000000000000000e+00,3.120250181402556833e-01,7.332697282459977872e-01,5.810761716386183551e-01,3.919299330488064115e-01,4.726057970487730353e-01,5.691526097776384852e-01,3.125967903713297025e-01,-8.659682365687982886e-01,6.543965797717590238e-01,3.728206965154713393e-01,-8.263136118123213247e-01,5.768075827491421226e-01
1.139999999999997549e+01,2.000000000000000000e+00,3.120250181402556833e-01,7.332697282459977872e-01,5.810761716386183551e-01,3.919299330488064115e-01,4.726057970487730353e-01,5.691526097776384852e-01,2.661763400185092054e-01,-9.194449567816164182e-01,6.550545494122014256e-01,3.728206965154713393e-01,-8.263136118123213247e-01,5.768075827491421226e-01
1.149999999999997513e+01,2.000000000000000000e+00,3.120250181402556833e-01,7.332697282459977872e-01,5.810761716386183551e-01,3.919299330488064115e-01,4.726057970487730353e-01,5.691526097776384852e-01,2.432357793089523490e-01,-9.431525503094205787e-01,6.518051068534232995e-01,3.728206965154713393e-01,-8.263136118123213247e-01,5.768075827491421226e-01
1.159999999999997478e+01,2.000000000000000000e+00,3.120250181402556833e-01,7.332697282459977872e-01,5.810761716386183551e-01,3.919299330488064115e-01,4.726057970487730353e-01,5.691526097776384852e-01,2.277313214103520722e-01,-9.584653361825262730e-01,6.483839504151858169e-01,3.728206965154713393e-01,-8.263136118123213247e-01,5.768075827491421226e-01
1.169999999999997442e+01,2.000000000000000000e+00,3.120250181402556833e-01,7.332697282459977872e-01,5.810761716386183551e-01,3.919299330488064115e-01,4.726057970487730353e-01,5.691526097776384852e-01,2.277313214103520722e-01,-9.584653361825262730e-01,6.483839504151858169e-01,3.728206965154713393e-01,-8.263136118123213247e-01,5.768075827491421226e-01
1.179999999999997407e+01,2.000000000000000000e+00,3.120250181402556833e-01,7.332697282459977872e-01,5.810761716386183551e-01,3.919299330488064115e-01,4.726057970487730353e-01,5.691526097776384852e-01,2.077882249018595529e-01,-9.775750822475361979e-01,6.422964209953193615e-01,3.728206965154713393e-01,-8.263136118123213247e-01,5.768075827491421226e-01
1.189999999999997371e+01,2.000000000000000000e+00,3.120250181402556833e-01,7.332697282459977872e-01,5.810761716386183551e-01,3.919299330488064115e-01,4.726057970487730353e-01,5.691526097776384852e-01,2.049515822093619377e-01,-9.801635612134397268e-01,6.413532796453211837e-01,3.728206965154713393e-01,-8.263136118123213247e-01,5.768075827491421226e-01
1.199999999999997335e+01,2.000000000000000000e+00,3.120250181402556833e-01,7.332697282459977872e-01,5.810761716386183551e-01,3.919299330488064115e-01,4.726057970487730353e-01,5.691526097776384852e-01,2.065951631170920288e-01,-9.793878215998960135e-01,6.414589578411217241e-01,3.728206965154713393e-01,-8.263136118123213247e-01,5.768075827491421226e-01
1.209999999999997300e+01,2.000000000000000000e+00,3.120250181402556833e-01,7.332697282459977872e-01,5.810761716386183551e-01,3.919299330488064115e-01,4.726057970487730353e-01,5.691526097776384852e-01,2.065951631170920288e-01,-9.793878215998960135e-01,6.414589578411217241e-01,3.728206965154713393e-01,-8.263136118123213247e-01,5.768075827491421226e-01
1.219999999999997264e+01,2.000000000000000000e+00,3.120250181402556833e-01,7.332697282459977872e-01,5.810761716386183551e-01,3.919299330488064115e-01,4.726057970487730353e-01,5.691526097776384852e-01,2.126968597543963668e-01,-9.738788120249471936e-01,6.358940621373265767e-01,3.728206965154713393e-01,-8.263136118123213247e-01,5.768075827491421226e-01
1.229999999999997229e+01,2.000000000000000000e+00,3.120250181402556833e-01,7.332697282459977872e-01,5.810761716386183551e-01,3.919299330488064115e-01,4.726057970487730353e-01,5.691526097776384852e-01,2.246400767798110987e-01,-9.641780748317202443e-01,6.286798047135002676e-01,3.728206965154713393e-01,-8.263136118123213247e-01,5.768075827491421226e-01
1.239999999999997193e+01,2.000000000000000000e+00,3.120250181402556833e-01,7.332697282459977872e-01,5.810761716386183551e-01,3.919299330488064115e-01,4.726057970487730353e-01,5.691526097776384852e-01,2.348766474951275440e-01,-9.547551502140564361e-01,6.218864313938722299e-01,3.728206965154713393e-01,-8.263136118123213247e-01,5.768075827491421226e-01
1.249999999999997158e+01,2.000000000000000000e+00,3.120250181402556833e-01,7.332697282459977872e-01,5.810761716386183551e-01,3.919299330488064115e-01,4.726057970487730353e-01,5.691526097776384852e-01,2.348766474951275440e-01,-9.547551502140564361e-01,6.218864313938722299e-01,3.728206965154713393e-01,-8.263136118123213247e-01,5.768075827491421226e-01
1.259999999999997122e+01,2.000000000000000000e+00,3.120250181402556833e-01,7.332697282459977872e-01,5.810761716386183551e-01,3.919299330488064115e-01,4.726057970487730353e-01,5.691526097776384852e-01,2.493224794852882398e-01,-9.399205800637713271e-01,6.118428002758933282e-01,3.728206965154713393e-01,-8.263136118123213247e-01,5.768075827491421226e-01
1.269999999999997087e+01,2.000000000000000000e+00,3.120250181402556833e-01,7.332697282459977872e-01,5.810761716386183551e-01,3.919299330488064115e-01,4.726057970487730353e-01,5.691526097776384852e-01,2.598613513512869067e-01,-9.287283787369277066e-01,6.051219731846287919e-01,3.728206965154713393e-01,-8.263136118123213247e-01,5.768075827491421226e-01
1.279999999999997051e+01,2.000000000000000000e+00,3.120250181402556833e-01,7.332697282459977872e-01,5.810761716386183551e-01,3.919299330488064115e-01,4.726057970487730353e-01,5.691526097776384852e-01,2.598613513512869067e-01,-9.287283787369277066e-01,6.051219731846287919e-01,3.728206965154713393e-01,-8.263136118123213247e-01,5.768075827491421226e-01
1.289999999999997016e+01,2.000000000000000000e+00,3.120250181402556833e-01,7.332697282459977872e-01,5.810761716386183551e-01,3.919299330488064115e-01,4.726057970487730353e-01,5.691526097776384852e-01,2.618059323264667060e-01,-9.260181477867397426e-01,6.030470216451810916e-01,3.728206965154713393e-01,-8.263136118123213247e-01,5.768075827491421226e-01
1.299999999999996980e+01,2.000000000000000000e+00,3.120250181402556833e-01,7.332697282459977872e-01,5.810761716386183551e-01,3.919299330488064115e-01,4.726057970487730353e-01,5.691526097776384852e-01,2.618040768632302617e-01,-9.260000339061019714e-01,6.030667126573839854e-01,3.728206965154713393e-01,-8.263136118123213247e-01,5.768075827491421226e-01
1.309999999999996945e+01,2.000000000000000000e+00,3.120250181402556833e-01,7.332697282459977872e-01,5.810761716386183551e-01,3.919299330488064115e-01,4.726057970487730353e-01,5.691526097776384852e-01,2.618040768632302617e-01,-9.260000339061019714e-01,6.030667126573839854e-01,3.728206965154713393e-01,-8.263136118123213247e-01,5.768075827491421226e-01
1.319999999999996909e+01,2.000000000000000000e+00,3.120250181402556833e-01,7.332697282459977872e-01,5.810761716386183551e-01,3.919299330488064115e-01,4.726057970487730353e-01,5.691526097776384852e-01,2.706832053140091898e-01,-9.120117268438993063e-01,6.038181247964730103e-01,3.728206965154713393e-01,-8.263136118123213247e-01,5.768075827491421226e-01
1.329999999999996874e+01,2.000000000000000000e+00,3.120250181402556833e-01,7.332697282459977872e-01,5.810761716386183551e-01,3.919299330488064115e-01,4.726057970487730353e-01,5.691526097776384852e-01,2.808988479560009521e-01,-8.965252384622823811e-01,6.045502411758227890e-01,3.728206965154713393e-01,-8.263136118123213247e-01,5.768075827491421226e-01
1.339999999999996838e+01,2.000000000000000000e+00,3.120250181402556833e-01,7.332697282459977872e-01,5.810761716386183551e-01,3.919299330488064115e-01,4.726057970487730353e-01,5.691526097776384852e-01,2.912923394678578193e-01,-8.777157152778548577e-01,6.048472065008260179e-01,3.728206965154713393e-01,-8.263136118123213247e-01,5.768075827491421226e-01
1.349999999999996803e+01,2.000000000000000000e+00,3.120250181402556833e-01,7.332697282459977872e-01,5.810761716386183551e-01,3.919299330488064115e-01,4.726057970487730353e-01,5.691526097776384852e-01,3.094702819538358574e-01,-8.480864138578737554e-01,6.039103571209877286e-01,3.728206965154713393e-01,-8.263136118123213247e-01,5.768075827491421226e-01
1.359999999999996767e+01,2.000000000000000000e+00,3.120250181402556833e-01,7.332697282459977872e-01,5.810761716386183551e-01,3.919299330488064115e-01,4.726057970487730353e-01,5.691526097776384852e-01,3.094702819538358574e-01,-8.480864138578737554e-01,6.039103571209877286e-01,3.728206965154713393e-01,-8.263136118123213247e-01,5.768075827491421226e-01
1.369999999999996732e+01,2.000000000000000000e+00,3.120250181402556833e-01,7.332697282459977872e-01,5.810761716386183551e-01,3.919299330488064115e-01,4.726057970487730353e-01,5.691526097776384852e-01,3.216812874556224111e-01,-8.210287888000501466e-01,6.004813653708298560e-01,3.728206965154713393e-01,-8.263136118123213247e-01,5.768075827491421226e-01
1.379999999999996696e+01,2.000000000000000000e+00,3.120250181402556833e-01,7.332697282459977872e-01,5.810761716386183551e-01,3.919299330488064115e-01,4.726057970487730353e-01,5.691526097776384852e-01,3.256122001463849780e-01,-8.128257150155090427e-01,5.992189351144369125e-01,3.728206965154713393e-01,-8.263136118123213247e-01,5.768075827491421226e-01
1.389999999999996660e+01,2.000000000000000000e+00,3.120250181402556833e-01,7.332697282459977872e-01,5.810761716386183551e-01,3.919299330488064115e-01,4.726057970487730353e-01,5.691526097776384852e-01,3.256122001463849780e-01,-8.128257150155090427e-01,5.992189351144369125e-01,3.728206965154713393e-01,-8.263136118123213247e-01,5.768075827491421226e-01
1.399999999999996625e+01,2.000000000000000000e+00,3.120250181402556833e-01,7.332697282459977872e-01,5.810761716386183551e-01,3.919299330488064115e-01,4.726057970487730353e-01,5.691526097776384852e-01,3.255446736690050802e-01,-8.122436593918188619e-01,5.989948271502263388e-01,3.728206965154713393e-01,-8.263136118123213247e-01,5.768075827491421226e-01
1.409999999999996589e+01,2.000000000000000000e+00,3.120250181402556833e-01,7.332697282459977872e-01,5.810761716386183551e-01,3.919299330488064115e-01,4.726057970487730353e-01,5.691526097776384852e-01,3.250900208997006824e-01,-8.100139442544147528e-01,5.983070936574336196e-01,3.728206965154713393e-01,-8.263136118123213247e-01,5.768075827491421226e-01
1.419999999999996554e+01,2.000000000000000000e+00,3.120250181402556833e-01,7.332697282459977872e-01,5.810761716386183551e-01,3.919299330488064115e-01,4.726057970487730353e-01,5.691526097776384852e-01,3.241490825377157936e-01,-8.028887428441437990e-01,5.963569043015271021e-01,3.728206965154713393e-01,-8.263136118123213247e-01,5.768075827491421226e-01
1.429999999999996518e+01,2.000000000000000000e+00,3.120250181402556833e-01,7.332697282459977872e-01,5.810761716386183551e-01,3.919299330488064115e-01,4.726057970487730353e-01,5.691526097776384852e-01,3.241490825377157936e-01,-8.028887428441437990e-01,5.963569043015271021e-01,3.728206965154713393e-01,-8.263136118123213247e-01,5.768075827491421226e-01
1.439999999999996483e+01,2.000000000000000000e+00,3.120250181402556833e-01,7.332697282459977872e-01,5.810761716386183551e-01,3.919299330488064115e-01,4.726057970487730353e-01,5.691526097776384852e-01,3.225881715226436852e-01,-7.906067502956805049e-01,5.935629018194394924e-01,3.728206965154713393e-01,-8.263136118123213247e-01,5.768075827491421226e-01
1.449999999999996447e+01,2.000000000000000000e+00,3.120250181402556833e-01,7.332697282459977872e-01,5.810761716386183551e-01,3.919299330488064115e-01,4.726057970487730353e-01,5.691526097776384852e-01,3.225881715226436852e-01,-7.906067502956805049e-01,5.935629018194394924e-01,3.728206965154713393e-01,-8.263136118123213247e-01,5.768075827491421226e-01
1.459999999999996412e+01,2.000000000000000000e+00,3.120250181402556833e-01,7.332697282459977872e-01,5.810761716386183551e-01,3.919299330488064115e-01,4.726057970487730353e-01,5.691526097776384852e-01,3.218759383524928408e-01,-7.828727949147800125e-01,5.918043082148658485e-01,3.728206965154713393e-01,-8.263136118123213247e-01,5.768075827491421226e-01
1.469999999999996376e+01,2.000000000000000000e+00,3.120250181402556833e-01,7.332697282459977872e-01,5.810761716386183551e-01,3.919299330488064115e-01,4.726057970487730353e-01,5.691526097776384852e-01,3.216861568023958173e-01,-7.828671990873046216e-01,5.917518444825200508e-01,3.728206965154713393e-01,-8.263136118123213247e-01,5.768075827491421226e-01
1.479999999999996341e+01,2.000000000000000000e+00,3.120250181402556833e-01,7.332697282459977872e-01,5.810761716386183551e-01,3.919299330488064115e-01,4.726057970487730353e-01,5.691526097776384852e-01,3.216861568023958173e-01,-7.828671990873046216e-01,5.917518444825200508e-01,3.728206965154713393e-01,-8.263136118123213247e-01,5.768075827491421226e-01
1.489999999999996305e+01,2.000000000000000000e+00,3.120250181402556833e-01,7.332697282459977872e-01,5.810761716386183551e-01,3.919299330488064115e-01,4.726057970487730353e-01,5.691526097776384852e-01,3.212434596507603435e-01,-7.846447542865628844e-01,5.913151260707742995e-01,3.728206965154713393e-01,-8.263136118123213247e-01,5.768075827491421226e-01
1.499999999999996270e+01,2.000000000000000000e+00,1.123513155672457714e-01,5.391113183612626925e-01,5.699943039549754120e-01,3.919299330488064115e-01,4.726057970487730353e-01,5.691526097776384852e-01,3.214826314005955754e-01,-7.843742908676445413e-01,5.912850927651399635e-01,3.728206965154713393e-01,-8.263136118123213247e-01,5.768075827491421226e-01
1.509999999999996234e+01,2.000000000000000000e+00,1.123205921100839111e-01,5.392262637804197123e-01,5.700147693246405689e-01,3.919299330488064115e-01,4.726057970487730353e-01,5.691526097776384852e-01,3.214826314005955754e-01,-7.843742908676445413e-01,5.912850927651399635e-01,3.728206965154713393e-01,-8.263136118123213247e-01,5.768075827491421226e-01
1.519999999999996199e+01,2.000000000000000000e+00,1.123205921100839111e-01,5.392262637804197123e-01,5.700147693246405689e-01,3.919299330488064115e-01,4.726057970487730353e-01,5.691526097776384852e-01,3.209633165353772410e-01,-7.847586100916180696e-01,5.906328875833887215e-01,3.728206965154713393e-01,-8.263136118123213247e-01,5.768075827491421226e-01
1.529999999999996163e+01,2.000000000000000000e+00,1.124703297929387502e-01,5.390177981791864914e-01,5.700762969272756830e-01,3.919299330488064115e-01,4.726057970487730353e-01,5.691526097776384852e-01,3.205884236362405715e-01,-7.851342293134729866e-01,5.904563747530751083e-01,3.728206965154713393e-01,-8.263136118123213247e-01,5.768075827491421226e-01
1.539999999999996128e+01,2.000000000000000000e+00,1.124323276918734460e-01,5.391168961623192812e-01,5.700828725782284279e-01,3.919299330488064115e-01,4.726057970487730353e-01,5.691526097776384852e-01,3.207436650742854778e-01,-7.849574044857443589e-01,5.904748159476068681e-01,3.728206965154713393e-01,-8.263136118123213247e-01,5.768075827491421226e-01
1.549999999999996092e+01,2.000000000000000000e+00,1.124298975087170416e-01,5.391245998321735344e-01,5.700824767818752914e-01,3.919299330488064115e-01,4.726057970487730353e-01,5.691526097776384852e-01,3.206351261843782274e-01,-7.850828081389636948e-01,5.904799778220308770e-01,3.728206965154713393e-01,-8.263136118123213247e-01,5.768075827491421226e-01
1.559999999999996056e+01,2.000000000000000000e+00,1.124311878250192354e-01,5.391234483564821822e-01,5.700811937377620042e-01,3.919299330488064115e-01,4.726057970487730353e-01,5.691526097776384852e-01,3.206675469920369781e-01,-7.850459626939494395e-01,5.904756085015179234e-01,3.728206965154713393e-01,-8.263136118123213247e-01,5.768075827491421226e-01
1.569999999999996021e+01,2.000000000000000000e+00,1.122843647286618091e-01,5.392005209336528937e-01,5.700057374241906949e-01,3.919299330488064115e-01,4.726057970487730353e-01,5.691526097776384852e-01,3.206675469920369781e-01,-7.850459626939494395e-01,5.904756085015179234e-01,3.728206965154713393e-01,-8.263136118123213247e-01,5.768075827491421226e-01
1.579999999999995985e+01,2.000000000000000000e+00,1.119624870712250669e-01,5.386635554359185951e-01,5.697677223460334561e-01,3.919299330488064115e-01,4.726057970487730353e-01,5.691526097776384852e-01,3.205002796311044455e-01,-7.850841135555753914e-01,5.901028573124866838e-01,3.728206965154713393e-01,-8.263136118123213247e-01,5.768075827491421226e-01
1.589999999999995950e+01,2.000000000000000000e+00,1.118999341441201389e-01,5.388836416506636029e-01,5.697565662415219334e-01,3.919299330488064115e-01,4.726057970487730353e-01,5.691526097776384852e-01,3.201129598922017871e-01,-7.853163331074172193e-01,5.895566693496229194e-01,3.728206965154713393e-01,-8.263136118123213247e-01,5.768075827491421226e-01
1.599999999999995914e+01,2.000000000000000000e+00,1.118999341441201389e-01,5.388836416506636029e-01,5.697565662415219334e-01,3.919299330488064115e-01,4.726057970487730353e-01,5.691526097776384852e-01,3.201129598922017871e-01,-7.853163331074172193e-01,5.895566693496229194e-01,3.728206965154713393e-01,-8.263136118123213247e-01,5.768075827491421226e-01
1.609999999999995879e+01,2.000000000000000000e+00,1.154671613883085229e-01,5.370058274005782284e-01,5.682766955038208723e-01,3.919299330488064115e-01,4.726057970487730353e-01,5.691526097776384852e-01,3.197546284748260526e-01,-7.855873487598509231e-01,5.891245102647830745e-01,3.728206965154713393e-01,-8.263136118123213247e-01,5.768075827491421226e-01
1.619999999999996021e+01,2.000000000000000000e+00,1.211631734675808481e-01,5.345137163638465916e-01,5.658208782637066392e-01,3.919299330488064115e-01,4.726057970487730353e-01,5.691526097776384852e-01,3.197546284748260526e-01,-7.855873487598509231e-01,5.891245102647830745e-01,3.728206965154713393e-01,-8.263136118123213247e-01,5.768075827491421226e-01
1.629999999999996163e+01,2.000000000000000000e+00,1.211631734675808481e-01,5.345137163638465916e-01,5.658208782637066392e-01,3.919299330488064115e-01,4.726057970487730353e-01,5.691526097776384852e-01,3.193648639858426286e-01,-7.858847809201382484e-01,5.886721508010012149e-01,3.728206965154713393e-01,-8.263136118123213247e-01,5.768075827491421226e-01
1.639999999999996305e+01,2.000000000000000000e+00,1.386643832762846362e-01,5.286200482213467833e-01,5.575022453467152195e-01,3.919299330488064115e-01,4.726057970487730353e-01,5.691526097776384852e-01,3.193865376852096927e-01,-7.858478875883365689e-01,5.886471448727975675e-01,3.728206965154713393e-01,-8.263136118123213247e-01,5.768075827491421226e-01
1.649999999999996447e+01,2.000000000000000000e+00,1.515615691145106858e-01,5.255494516224740176e-01,5.498521602657080454e-01,3.919299330488064115e-01,4.726057970487730353e-01,5.691526097776384852e-01,3.193865376852096927e-01,-7.858478875883365689e-01,5.886471448727975675e-01,3.728206965154713393e-01,-8.263136118123213247e-01,5.768075827491421226e-01
1.659999999999996589e+01,2.000000000000000000e+00,1.627608514193988332e-01,5.238395046718953285e-01,5.421756810699799312e-01,3.919299330488064115e-01,4.726057970487730353e-01,5.691526097776384852e-01,3.193784605410431854e-01,-7.858457801857900993e-01,5.886203625366976944e-01,3.728206965154713393e-01,-8.263136118123213247e-01,5.768075827491421226e-01
1.669999999999996732e+01,2.000000000000000000e+00,1.717288501213857510e-01,5.230956462206926005e-01,5.352224554070480478e-01,3.919299330488064115e-01,4.726057970487730353e-01,5.691526097776384852e-01,3.193706454114683124e-01,-7.858489621460045260e-01,5.886046339115996728e-01,3.728206965154713393e-01,-8.263136118123213247e-01,5.768075827491421226e-01
1.679999999999996874e+01,2.000000000000000000e+00,1.759102518024044659e-01,5.228983649077514340e-01,5.316591557531257228e-01,3.919299330488064115e-01,4.726057970487730353e-01,5.691526097776384852e-01,3.193699587673491380e-01,-7.858456673028103578e-01,5.885865016101814451e-01,3.728206965154713393e-01,-8.263136118123213247e-01,5.768075827491421226e-01
1.689999999999997016e+01,2.000000000000000000e+00,1.798553903199371085e-01,5.229044495351503619e-01,5.280965844818314991e-01,3.919299330488064115e-01,4.726057970487730353e-01,5.691526097776384852e-01,3.193699587673491380e-01,-7.858456673028103578e-01,5.885865016101814451e-01,3.728206965154713393e-01,-8.263136118123213247e-01,5.768075827491421226e-01
1.699999999999997158e+01,2.000000000000000000e+00,1.798553903199371085e-01,5.229044495351503619e-01,5.280965844818314991e-01,3.919299330488064115e-01,4.726057970487730353e-01,5.691526097776384852e-01,3.193677208170538351e-01,-7.858456753498754832e-01,5.885762791983696340e-01,3.728206965154713393e-01,-8.263136118123213247e-01,5.768075827491421226e-01
1.709999999999997300e+01,2.000000000000000000e+00,1.816277523050589260e-01,5.228510430745376691e-01,5.264746627858736261e-01,3.919299330488064115e-01,4.726057970487730353e-01,5.691526097776384852e-01,3.193676394200423707e-01,-7.858465945092253380e-01,5.885728959250240422e-01,3.728206965154713393e-01,-8.263136118123213247e-01,5.768075827491421226e-01
1.719999999999997442e+01,2.000000000000000000e+00,1.822149046124077465e-01,5.225156715262443408e-01,5.273847307414124552e-01,3.919299330488064115e-01,4.726057970487730353e-01,5.691526097776384852e-01,3.193676394200423707e-01,-7.858465945092253380e-01,5.885728959250240422e-01,3.728206965154713393e-01,-8.263136118123213247e-01,5.768075827491421226e-01
1.729999999999997584e+01,2.000000000000000000e+00,1.822149046124077465e-01,5.225156715262443408e-01,5.273847307414124552e-01,3.919299330488064115e-01,4.726057970487730353e-01,5.691526097776384852e-01,3.192714617498093044e-01,-7.859012185307875376e-01,5.884112357989503828e-01,3.728206965154713393e-01,-8.263136118123213247e-01,5.768075827491421226e-01
1.739999999999997726e+01,2.000000000000000000e+00,1.862798601230198636e-01,5.203971860525408166e-01,5.330847641525311431e-01,3.919299330488064115e-01,4.726057970487730353e-01,5.691526097776384852e-01,3.190174472844835019e-01,-7.860703250388053620e-01,5.880603258197609762e-01,3.728206965154713393e-01,-8.263136118123213247e-01,5.768075827491421226e-01
1.749999999999997868e+01,2.000000000000000000e+00,1.921176072421593994e-01,5.173957013797054749e-01,5.406760113706875481e-01,3.919299330488064115e-01,4.726057970487730353e-01,5.691526097776384852e-01,3.188160002872568177e-01,-7.862028942089054340e-01,5.877813692565042603e-01,3.728206965154713393e-01,-8.263136118123213247e-01,5.768075827491421226e-01
1.759999999999998010e+01,3.000000000000000000e+00,2.068228691745717107e-01,5.098270799214821292e-01,5.574025850026070872e-01,3.919299330488064115e-01,4.726057970487730353e-01,5.691526097776384852e-01,3.187942952675876795e-01,-7.862085038755534105e-01,5.877353012147873423e-01,3.728206965154713393e-01,-8.263136118123213247e-01,5.768075827491421226e-01
1.769999999999998153e+01,3.000000000000000000e+00,2.204408018590951757e-01,5.027585459317703842e-01,5.704992064343700209e-01,4.220496199395893377e-01,3.389689489946518530e-01,7.016826548056566137e-01,3.187987982171952006e-01,-7.862049613985490071e-01,5.877396011694344669e-01,3.742759528401763403e-01,-2.401459076834515649e-01,4.677910089129071469e-01
1.779999999999998295e+01,3.000000000000000000e+00,2.371556315730175279e-01,4.937040692333238279e-01,5.843780891616527917e-01,4.220496199395893377e-01,3.389689489946518530e-01,7.016826548056566137e-01,3.188023397826407757e-01,-7.862037593674989777e-01,5.877505599648624734e-01,3.742759528401763403e-01,-2.401459076834515649e-01,4.677910089129071469e-01
1.789999999999998437e+01,3.000000000000000000e+00,2.371556315730175279e-01,4.937040692333238279e-01,5.843780891616527917e-01,4.220496199395893377e-01,3.389689489946518530e-01,7.016826548056566137e-01,3.188105521539518761e-01,-7.862000220163843922e-01,5.877563085221160222e-01,3.742759528401763403e-01,-2.401459076834515649e-01,4.677910089129071469e-01
1.799999999999998579e+01,3.000000000000000000e+00,2.733801286087438887e-01,4.732177460856812345e-01,6.084654005724372539e-01,4.220496199395893377e-01,3.389689489946518530e-01,7.016826548056566137e-01,3.188194946726491952e-01,-7.862000124494317177e-01,5.877596035567985711e-01,3.742759528401763403e-01,-2.401459076834515649e-01,4.677910089129071469e-01
1.809999999999998721e+01,3.000000000000000000e+00,2.895582136535136963e-01,4.636524109839566532e-01,6.172270913628661315e-01,4.220496199395893377e-01,3.389689489946518530e-01,7.016826548056566137e-01,3.188281371343149595e-01,-7.861982700779875932e-01,5.877600090255480358e-01,3.742759528401763403e-01,-2.401459076834515649e-01,4.677910089129071469e-01
1.819999999999998863e+01,3.000000000000000000e+00,2.895582136535136963e-01,4.636524109839566532e-01,6.172270913628661315e-01,4.220496199395893377e-01,3.389689489946518530e-01,7.016826548056566137e-01,3.188339254886966567e-01,-7.861988134390752725e-01,5.877584458009851298e-01,3.742759528401763403e-01,-2.401459076834515649e-01,4.677910089129071469e-01
1.829999999999999005e+01,3.000000000000000000e+00,3.049903231312424134e-01,4.542428114369720937e-01,6.248260512175540793e-01,4.220496199395893377e-01,3.389689489946518530e-01,7.016826548056566137e-01,3.188409726465725180e-01,-7.862003496973817285e-01,5.877557118036961237e-01,3.742759528401763403e-01,-2.401459076834515649e-01,4.677910089129071469e-01
1.839999999999999147e+01,3.000000000000000000e+00,3.180450203677042675e-01,4.461612805618453970e-01,6.307204131788630708e-01,4.220496199395893377e-01,3.389689489946518530e-01,7.016826548056566137e-01,3.188496921131654394e-01,-7.861997455595028939e-01,5.877529875534414083e-01,3.742759528401763403e-01,-2.401459076834515649e-01,4.677910089129071469e-01
1.849999999999999289e+01,3.000000000000000000e+00,3.231353372780517152e-01,4.429709543872294986e-01,6.328954609828518763e-01,4.220496199395893377e-01,3.389689489946518530e-01,7.016826548056566137e-01,3.188525707132797704e-01,-7.862004511516678118e-01,5.877513183252988105e-01,3.742759528401763403e-01,-2.401459076834515649e-01,4.677910089129071469e-01
1.859999999999999432e+01,3.000000000000000000e+00,3.245929164071916229e-01,4.420445981288498860e-01,6.335236578353908854e-01,4.220496199395893377e-01,3.389689489946518530e-01,7.016826548056566137e-01,3.188545453392302442e-01,-7.862002862075252452e-01,5.877499163467434506e-01,3.742759528401763403e-01,-2.401459076834515649e-01,4.677910089129071469e-01
1.869999999999999574e+01,3.000000000000000000e+00,3.245929164071916229e-01,4.420445981288498860e-01,6.335236578353908854e-01,4.220496199395893377e-01,3.389689489946518530e-01,7.016826548056566137e-01,3.188545453392302442e-01,-7.862002862075252452e-01,5.877499163467434506e-01,3.742759528401763403e-01,-2.401459076834515649e-01,4.677910089129071469e-01
1.879999999999999716e+01,3.000000000000000000e+00,3.235511886558185002e-01,4.429235091406206193e-01,6.346576194807185267e-01,4.220496199395893377e-01,3.389689489946518530e-01,7.016826548056566137e-01,3.189164445212450683e-01,-7.840625422660858490e-01,5.878670133427111866e-01,3.742759528401763403e-01,-2.401459076834515649e-01,4.677910089129071469e-01
1.889999999999999858e+01,3.000000000000000000e+00,3.197144344898136259e-01,4.464978177530646852e-01,6.391335214775480944e-01,4.220496199395893377e-01,3.389689489946518530e-01,7.016826548056566137e-01,3.206812974999270760e-01,-7.743547905746410720e-01,5.885305271871573707e-01,3.742759528401763403e-01,-2.401459076834515649e-01,4.677910089129071469e-01
1.900000000000000000e+01,3.000000000000000000e+00,3.133688364678878790e-01,4.524719840251114622e-01,6.467944016487502390e-01,4.220496199395893377e-01,3.389689489946518530e-01,7.016826548056566137e-01,3.227912236196610607e-01,-7.615477945952442429e-01,5.898153790666317287e-01,3.742759528401763403e-01,-2.401459076834515649e-01,4.677910089129071469e-01
1.910000000000000142e+01,3.000000000000000000e+00,3.133688364678878790e-01,4.524719840251114622e-01,6.467944016487502390e-01,4.220496199395893377e-01,3.389689489946518530e-01,7.016826548056566137e-01,3.227912236196610607e-01,-7.615477945952442429e-01,5.898153790666317287e-01,3.742759528401763403e-01,-2.401459076834515649e-01,4.677910089129071469e-01
1.920000000000000284e+01,3.000000000000000000e+00,3.000947025023519843e-01,4.641652232262014066e-01,6.616468943460125374e-01,4.220496199395893377e-01,3.389689489946518530e-01,7.016826548056566137e-01,3.268644226626974403e-01,-7.176182588251284189e-01,5.941852792164551422e-01,3.742759528401763403e-01,-2.401459076834515649e-01,4.677910089129071469e-01
1.930000000000000426e+01,3.000000000000000000e+00,2.924357905695200710e-01,4.702720231580005406e-01,6.694389205142143862e-01,4.220496199395893377e-01,3.389689489946518530e-01,7.016826548056566137e-01,3.268779760141184987e-01,-6.884650528669631342e-01,5.963265068293124305e-01,3.742759528401763403e-01,-2.401459076834515649e-01,4.677910089129071469e-01
1.940000000000000568e+01,3.000000000000000000e+00,2.733051781902210986e-01,4.843641868118153115e-01,6.864537455516672715e-01,4.220496199395893377e-01,3.389689489946518530e-01,7.016826548056566137e-01,3.268779760141184987e-01,-6.884650528669631342e-01,5.963265068293124305e-01,3.742759528401763403e-01,-2.401459076834515649e-01,4.677910089129071469e-01
1.950000000000000711e+01,3.000000000000000000e+00,2.436120442979733958e-01,5.032676496691957935e-01,7.081556090711319529e-01,4.220496199395893377e-01,3.389689489946518530e-01,7.016826548056566137e-01,3.201035783086016440e-01,-6.265051537022312544e-01,5.981235537345046538e-01,3.742759528401763403e-01,-2.401459076834515649e-01,4.677910089129071469e-01
1.960000000000000853e+01,3.000000000000000000e+00,2.267275059808773752e-01,5.128532049271633531e-01,7.183569636521965895e-01,4.220496199395893377e-01,3.389689489946518530e-01,7.016826548056566137e-01,3.146190485288624661e-01,-6.024035186876691705e-01,5.975510009882210039e-01,3.742759528401763403e-01,-2.401459076834515649e-01,4.677910089129071469e-01
1.970000000000000995e+01,3.000000000000000000e+00,2.120430785570267262e-01,5.206628115090640163e-01,7.261758893568581730e-01,4.220496199395893377e-01,3.389689489946518530e-01,7.016826548056566137e-01,3.091244773005092927e-01,-5.830286467280468843e-01,5.963748078980739553e-01,3.742759528401763403e-01,-2.401459076834515649e-01,4.677910089129071469e-01
1.980000000000001137e+01,3.000000000000000000e+00,2.120430785570267262e-01,5.206628115090640163e-01,7.261758893568581730e-01,4.220496199395893377e-01,3.389689489946518530e-01,7.016826548056566137e-01,3.091244773005092927e-01,-5.830286467280468843e-01,5.963748078980739553e-01,3.742759528401763403e-01,-2.401459076834515649e-01,4.677910089129071469e-01
1.990000000000001279e+01,3.000000000000000000e+00,1.943472758802962663e-01,5.294442884296690632e-01,7.344398432917600417e-01,4.220496199395893377e-01,3.389689489946518530e-01,7.016826548056566137e-01,3.017989783025274986e-01,-5.615364032803696892e-01,5.941735167755755054e-01,3.742759528401763403e-01,-2.401459076834515649e-01,4.677910089129071469e-01
2.000000000000001421e+01,3.000000000000000000e+00,1.894736389671293209e-01,5.317385408212622622e-01,7.365366163648686681e-01,4.220496199395893377e-01,3.389689489946518530e-01,7.016826548056566137e-01,2.997135023913164442e-01,-5.559560888121940492e-01,5.934558839566289601e-01,3.742759528401763403e-01,-2.401459076834515649e-01,4.677910089129071469e-01
2.010000000000001563e+01,3.000000000000000000e+00,1.894736389671293209e-01,5.317385408212622622e-01,7.365366163648686681e-01,4.220496199395893377e-01,3.389689489946518530e-01,7.016826548056566137e-01,2.993573130558460083e-01,-5.552259277819058259e-01,5.933286481649623356e-01,3.742759528401763403e-01,-2.401459076834515649e-01,4.677910089129071469e-01
2.020000000000001705e+01,3.000000000000000000e+00,1.887193525529685945e-01,5.320935309236706212e-01,7.368414627175300380e-01,4.220496199395893377e-01,3.389689489946518530e-01,7.016826548056566137e-01,2.993576951528655328e-01,-5.552429814262819230e-01,5.933368063103541257e-01,3.742759528401763403e-01,-2.401459076834515649e-01,4.677910089129071469e-01
2.030000000000001847e+01,3.000000000000000000e+00,1.886780232430693705e-01,5.320498667657189706e-01,7.368910918178724900e-01,4.220496199395893377e-01,3.389689489946518530e-01,7.016826548056566137e-01,2.993576951528655328e-01,-5.552429814262819230e-01,5.933368063103541257e-01,3.742759528401763403e-01,-2.401459076834515649e-01,4.677910089129071469e-01
2.040000000000001990e+01,3.000000000000000000e+00,1.908507428972607001e-01,5.304313992816857004e-01,7.363008344904922176e-01,4.220496199395893377e-01,3.389689489946518530e-01,7.016826548056566137e-01,2.994431573313547923e-01,-5.530784910252165565e-01,5.935964585324109422e-01,3.742759528401763403e-01,-2.401459076834515649e-01,4.677910089129071469e-01
2.050000000000002132e+01,3.000000000000000000e+00,1.965401650818113521e-01,5.261966717774161362e-01,7.348085756929321199e-01,4.220496199395893377e-01,3.389689489946518530e-01,7.016826548056566137e-01,3.005067670273576241e-01,-5.340939663328849729e-01,5.955833974486599569e-01,3.742759528401763403e-01,-2.401459076834515649e-01,4.677910089129071469e-01
2.060000000000002274e+01,3.000000000000000000e+00,2.020915123124875923e-01,5.222226141128294419e-01,7.334656510711314858e-01,4.220496199395893377e-01,3.389689489946518530e-01,7.016826548056566137e-01,3.008908005765623117e-01,-5.175868517718372752e-01,5.974307730590767695e-01,3.742759528401763403e-01,-2.401459076834515649e-01,4.677910089129071469e-01
2.070000000000002416e+01,3.000000000000000000e+00,2.250488901846496026e-01,5.045956709324401768e-01,7.269812078681147094e-01,4.220496199395893377e-01,3.389689489946518530e-01,7.016826548056566137e-01,3.004310474716371249e-01,-4.944973225420512541e-01,5.992546702080683296e-01,3.742759528401763403e-01,-2.401459076834515649e-01,4.677910089129071469e-01
2.080000000000002558e+01,3.000000000000000000e+00,2.396581679996256931e-01,4.918590324030421845e-01,7.218216092053743038e-01,4.220496199395893377e-01,3.389689489946518530e-01,7.016826548056566137e-01,2.982401457504048614e-01,-4.668878410947789881e-01,6.004828314939621992e-01,3.742759528401763403e-01,-2.401459076834515649e-01,4.677910089129071469e-01
2.090000000000002700e+01,3.000000000000000000e+00,2.396581679996256931e-01,4.918590324030421845e-01,7.218216092053743038e-01,4.220496199395893377e-01,3.389689489946518530e-01,7.016826548056566137e-01,2.982401457504048614e-01,-4.668878410947789881e-01,6.004828314939621992e-01,3.742759528401763403e-01,-2.401459076834515649e-01,4.677910089129071469e-01
2.100000000000002842e+01,3.000000000000000000e+00,2.691207332771329841e-01,4.616757258879287118e-01,7.083415696290265018e-01,4.220496199395893377e-01,3.389689489946518530e-01,7.016826548056566137e-01,2.848933589316419712e-01,-3.987651215006957628e-01,5.991382987147609862e-01,3.742759528401763403e-01,-2.401459076834515649e-01,4.677910089129071469e-01
2.110000000000002984e+01,3.000000000000000000e+00,2.691207332771329841e-01,4.616757258879287118e-01,7.083415696290265018e-01,4.220496199395893377e-01,3.389689489946518530e-01,7.016826548056566137e-01,2.735502107195184052e-01,-3.646432135167126387e-01,5.961052909383044440e-01,3.742759528401763403e-01,-2.401459076834515649e-01,4.677910089129071469e-01
2.120000000000003126e+01,4.000000000000000000e+00,2.865038705209473902e-01,4.398196871220380055e-01,6.977135118323847252e-01,4.220496199395893377e-01,3.389689489946518530e-01,7.016826548056566137e-01,2.616199536723385344e-01,-3.365749977420739447e-01,5.922521412951339270e-01,3.742759528401763403e-01,-2.401459076834515649e-01,4.677910089129071469e-01
2.130000000000003268e+01,4.000000000000000000e+00,2.974362203301282315e-01,4.238994064920448834e-01,6.896914040713085781e-01,1.372538368765729155e-01,8.202544478248833260e-01,7.023907566461214946e-01,2.472891297584755843e-01,-3.089480801458004411e-01,5.871706360643679234e-01,2.780849656451372942e-01,-9.155976632236543233e-01,3.985810223994671886e-01
2.140000000000003411e+01,4.000000000000000000e+00,3.077957521950031028e-01,4.066646527306785885e-01,6.807462530603611839e-01,1.372538368765729155e-01,8.202544478248833260e-01,7.023907566461214946e-01,2.472891297584755843e-01,-3.089480801458004411e-01,5.871706360643679234e-01,2.780849656451372942e-01,-9.155976632236543233e-01,3.985810223994671886e-01
2.150000000000003553e+01,4.000000000000000000e+00,3.153155626530544930e-01,3.921179146556796891e-01,6.730259008405965471e-01,1.372538368765729155e-01,8.202544478248833260e-01,7.023907566461214946e-01,2.277644263756697096e-01,-2.784389003142552221e-01,5.800827738970343317e-01,2.780849656451372942e-01,-9.155976632236543233e-01,3.985810223994671886e-01
2.160000000000003695e+01,4.000000000000000000e+00,3.175231377318796233e-01,3.872091700142953341e-01,6.706116195943365721e-01,1.372538368765729155e-01,8.202544478248833260e-01,7.023907566461214946e-01,2.213914074493789630e-01,-2.695388903497494826e-01,5.775195749378936316e-01,2.780849656451372942e-01,-9.155976632236543233e-01,3.985810223994671886e-01
2.170000000000003837e+01,4.000000000000000000e+00,3.205007705657989536e-01,3.808436836700700434e-01,6.670800572046798882e-01,1.372538368765729155e-01,8.202544478248833260e-01,7.023907566461214946e-01,2.154238362516524286e-01,-2.618421644292657779e-01,5.752429557300996477e-01,2.780849656451372942e-01,-9.155976632236543233e-01,3.985810223994671886e-01
2.180000000000003979e+01,4.000000000000000000e+00,3.227212393935939838e-01,3.753880327026423158e-01,6.641644422458590213e-01,1.372538368765729155e-01,8.202544478248833260e-01,7.023907566461214946e-01,2.143062713803152997e-01,-2.604449726873427906e-01,5.748209080065517229e-01,2.780849656451372942e-01,-9.155976632236543233e-01,3.985810223994671886e-01
2.190000000000004121e+01,4.000000000000000000e+00,3.228099700022231122e-01,3.752189739974756688e-01,6.640869043087083146e-01,1.372538368765729155e-01,8.202544478248833260e-01,7.023907566461214946e-01,2.145327598600829389e-01,-2.606495643560190478e-01,5.748232630140902577e-01,2.780849656451372942e-01,-9.155976632236543233e-01,3.985810223994671886e-01
2.200000000000004263e+01,4.000000000000000000e+00,3.228372331681999552e-01,3.752836504312626609e-01,6.640918872358028135e-01,1.372538368765729155e-01,8.202544478248833260e-01,7.023907566461214946e-01,2.149474672423230537e-01,-2.608440427565272834e-01,5.746355212744527208e-01,2.780849656451372942e-01,-9.155976632236543233e-01,3.985810223994671886e-01
2.210000000000004405e+01,4.000000000000000000e+00,3.227112505805662113e-01,3.751254423739275867e-01,6.637308663077435833e-01,1.372538368765729155e-01,8.202544478248833260e-01,7.023907566461214946e-01,2.210704744847266368e-01,-2.645059270337969393e-01,5.719953472425582941e-01,2.780849656451372942e-01,-9.155976632236543233e-01,3.985810223994671886e-01
2.220000000000004547e+01,4.000000000000000000e+00,3.227112505805662113e-01,3.751254423739275867e-01,6.637308663077435833e-01,1.372538368765729155e-01,8.202544478248833260e-01,7.023907566461214946e-01,2.210704744847266368e-01,-2.645059270337969393e-01,5.719953472425582941e-01,2.780849656451372942e-01,-9.155976632236543233e-01,3.985810223994671886e-01
2.230000000000004690e+01,4.000000000000000000e+00,3.225576394577114314e-01,3.749097725519226487e-01,6.633122869091074847e-01,1.372538368765729155e-01,8.202544478248833260e-01,7.023907566461214946e-01,2.444621511733820474e-01,-2.799909290628850855e-01,5.623613293494729160e-01,2.780849656451372942e-01,-9.155976632236543233e-01,3.985810223994671886e-01
2.240000000000004832e+01,4.000000000000000000e+00,3.225584636617570000e-01,3.748844770417369965e-01,6.633075390200605659e-01,1.372538368765729155e-01,8.202544478248833260e-01,7.023907566461214946e-01,2.625105052384692494e-01,-2.938352881424703411e-01,5.542566239576999232e-01,2.780849656451372942e-01,-9.155976632236543233e-01,3.985810223994671886e-01
2.250000000000004974e+01,4.000000000000000000e+00,3.225584636617570000e-01,3.748844770417369965e-01,6.633075390200605659e-01,1.372538368765729155e-01,8.202544478248833260e-01,7.023907566461214946e-01,2.625105052384692494e-01,-2.938352881424703411e-01,5.542566239576999232e-01,2.780849656451372942e-01,-9.155976632236543233e-01,3.985810223994671886e-01
2.260000000000005116e+01,4.000000000000000000e+00,3.225728206958947686e-01,3.748282504128294113e-01,6.632809077715705603e-01,1.372538368765729155e-01,8.202544478248833260e-01,7.023907566461214946e-01,3.015481464724704130e-01,-3.322123225115510281e-01,5.332693289575993756e-01,2.780849656451372942e-01,-9.155976632236543233e-01,3.985810223994671886e-01
2.270000000000005258e+01,4.000000000000000000e+00,3.225790186370973145e-01,3.748032469249057419e-01,6.632688531900687856e-01,1.372538368765729155e-01,8.202544478248833260e-01,7.023907566461214946e-01,3.137120634255433083e-01,-3.475527261633808429e-01,5.252957517187067937e-01,2.780849656451372942e-01,-9.155976632236543233e-01,3.985810223994671886e-01
2.280000000000005400e+01,4.000000000000000000e+00,3.225827234527192666e-01,3.747809909305908072e-01,6.632580364613418489e-01,1.372538368765729155e-01,8.202544478248833260e-01,7.023907566461214946e-01,3.211547322666108428e-01,-3.577083333298557433e-01,5.196539685590880753e-01,2.780849656451372942e-01,-9.155976632236543233e-01,3.985810223994671886e-01
2.290000000000005542e+01,4.000000000000000000e+00,3.225827234527192666e-01,3.747809909305908072e-01,6.632580364613418489e-01,1.372538368765729155e-01,8.202544478248833260e-01,7.023907566461214946e-01,3.211547322666108428e-01,-3.577083333298557433e-01,5.196539685590880753e-01,2.780849656451372942e-01,-9.155976632236543233e-01,3.985810223994671886e-01
2.300000000000005684e+01,4.000000000000000000e+00,3.225904660438107530e-01,3.747641906960554881e-01,6.632460628017176063e-01,1.372538368765729155e-01,8.202544478248833260e-01,7.023907566461214946e-01,3.296217419355211842e-01,-3.708274945730513639e-01,5.129339084797279735e-01,2.780849656451372942e-01,-9.155976632236543233e-01,3.985810223994671886e-01
2.310000000000005826e+01,4.000000000000000000e+00,3.225902439611167960e-01,3.747613040411050811e-01,6.632450866312715743e-01,1.372538368765729155e-01,8.202544478248833260e-01,7.023907566461214946e-01,3.296101932301910842e-01,-3.706559780522325487e-01,5.128789542734676354e-01,2.780849656451372942e-01,-9.155976632236543233e-01,3.985810223994671886e-01
2.320000000000005969e+01,4.000000000000000000e+00,3.225904963839107964e-01,3.747615699590061689e-01,6.632450660279405330e-01,1.372538368765729155e-01,8.202544478248833260e-01,7.023907566461214946e-01,3.296468869744888508e-01,-3.707516538907101311e-01,5.128757745825431869e-01,2.780849656451372942e-01,-9.155976632236543233e-01,3.985810223994671886e-01
2.330000000000006111e+01,4.000000000000000000e+00,3.228348605684600581e-01,3.756790595216658035e-01,6.634272095324371676e-01,1.372538368765729155e-01,8.202544478248833260e-01,7.023907566461214946e-01,3.300827657091947032e-01,-3.718145611300338604e-01,5.139364262603990374e-01,2.780849656451372942e-01,-9.155976632236543233e-01,3.985810223994671886e-01
2.340000000000006253e+01,4.000000000000000000e+00,3.228348605684600581e-01,3.756790595216658035e-01,6.634272095324371676e-01,1.372538368765729155e-01,8.202544478248833260e-01,7.023907566461214946e-01,3.300827657091947032e-01,-3.718145611300338604e-01,5.139364262603990374e-01,2.780849656451372942e-01,-9.155976632236543233e-01,3.985810223994671886e-01
2.350000000000006395e+01,4.000000000000000000e+00,3.270035959545343207e-01,3.893197698158784581e-01,6.656184520488377387e-01,1.372538368765729155e-01,8.202544478248833260e-01,7.023907566461214946e-01,3.360733378292957152e-01,-3.870412697283017178e-01,5.267902934338809517e-01,2.780849656451372942e-01,-9.155976632236543233e-01,3.985810223994671886e-01
2.360000000000006537e+01,4.000000000000000000e+00,3.301105128345240280e-01,4.002989088865015477e-01,6.678439493776855418e-01,1.372538368765729155e-01,8.202544478248833260e-01,7.023907566461214946e-01,3.404543087206952645e-01,-3.996454597570051059e-01,5.378631024024795870e-01,2.780849656451372942e-01,-9.155976632236543233e-01,3.985810223994671886e-01
2.370000000000006679e+01,4.000000000000000000e+00,3.342545062550460466e-01,4.163911454722983296e-01,6.704953169039511440e-01,1.372538368765729155e-01,8.202544478248833260e-01,7.023907566461214946e-01,3.458395196552714324e-01,-4.187149240982722120e-01,5.521894798707878138e-01,2.780849656451372942e-01,-9.155976632236543233e-01,3.985810223994671886e-01
2.380000000000006821e+01,4.000000000000000000e+00,3.342545062550460466e-01,4.163911454722983296e-01,6.704953169039511440e-01,1.372538368765729155e-01,8.202544478248833260e-01,7.023907566461214946e-01,3.458395196552714324e-01,-4.187149240982722120e-01,5.521894798707878138e-01,2.780849656451372942e-01,-9.155976632236543233e-01,3.985810223994671886e-01
2.390000000000006963e+01,4.000000000000000000e+00,3.424271729476815462e-01,4.580055104601042371e-01,6.758831412131803829e-01,1.372538368765729155e-01,8.202544478248833260e-01,7.023907566461214946e-01,3.549213589271011382e-01,-4.726645717202803687e-01,5.856994541506743701e-01,2.780849656451372942e-01,-9.155976632236543233e-01,3.985810223994671886e-01
2.400000000000007105e+01,4.000000000000000000e+00,3.457524884959485845e-01,4.840874007474965102e-01,6.781223856035771824e-01,1.372538368765729155e-01,8.202544478248833260e-01,7.023907566461214946e-01,3.571148692227233412e-01,-5.090451094735547466e-01,6.027097686893025941e-01,2.780849656451372942e-01,-9.155976632236543233e-01,3.985810223994671886e-01
2.410000000000007248e+01,4.000000000000000000e+00,3.481165888521338125e-01,5.199156179138201272e-01,6.799042054995537709e-01,1.372538368765729155e-01,8.202544478248833260e-01,7.023907566461214946e-01,3.560140454901237761e-01,-5.617069065138746708e-01,6.205731742731092071e-01,2.780849656451372942e-01,-9.155976632236543233e-01,3.985810223994671886e-01
2.420000000000007390e+01,4.000000000000000000e+00,3.482343206080112386e-01,5.464698661873219621e-01,6.803082351772050673e-01,1.372538368765729155e-01,8.202544478248833260e-01,7.023907566461214946e-01,3.522556105552966943e-01,-6.022595672278493462e-01,6.294856270287141342e-01,2.780849656451372942e-01,-9.155976632236543233e-01,3.985810223994671886e-01
2.430000000000007532e+01,4.000000000000000000e+00,3.461595162988738150e-01,5.822816225948620472e-01,6.796985326918246750e-01,1.372538368765729155e-01,8.202544478248833260e-01,7.023907566461214946e-01,3.434233473954090288e-01,-6.584327113569008461e-01,6.351090039925824104e-01,2.780849656451372942e-01,-9.155976632236543233e-01,3.985810223994671886e-01
2.440000000000007674e+01,4.000000000000000000e+00,3.411450777409332225e-01,6.197146669828399457e-01,6.776298018751391039e-01,1.372538368765729155e-01,8.202544478248833260e-01,7.023907566461214946e-01,3.295926254692281843e-01,-7.179770378953007626e-01,6.326890395749510398e-01,2.780849656451372942e-01,-9.155976632236543233e-01,3.985810223994671886e-01
2.450000000000007816e+01,4.000000000000000000e+00,3.323865540542371710e-01,6.601355021941476275e-01,6.738918188549003485e-01,1.372538368765729155e-01,8.202544478248833260e-01,7.023907566461214946e-01,3.101420619675709367e-01,-7.822506729780361878e-01,6.194582511505559719e-01,2.780849656451372942e-01,-9.155976632236543233e-01,3.985810223994671886e-01
2.460000000000007958e+01,4.000000000000000000e+00,3.323865540542371710e-01,6.601355021941476275e-01,6.738918188549003485e-01,1.372538368765729155e-01,8.202544478248833260e-01,7.023907566461214946e-01,3.101420619675709367e-01,-7.822506729780361878e-01,6.194582511505559719e-01,2.780849656451372942e-01,-9.155976632236543233e-01,3.985810223994671886e-01
2.470000000000008100e+01,4.000000000000000000e+00,3.155930225311911475e-01,7.117655689774954331e-01,6.667748307377981964e-01,1.372538368765729155e-01,8.202544478248833260e-01,7.023907566461214946e-01,2.785845762852957042e-01,-8.615976725655065671e-01,5.854845348907292690e-01,2.780849656451372942e-01,-9.155976632236543233e-01,3.985810223994671886e-01
2.480000000000008242e+01,5.000000000000000000e+00,3.058517131173482673e-01,7.348915307205645675e-01,6.626854740897221152e-01,1.372538368765729155e-01,8.202544478248833260e-01,7.023907566461214946e-01,2.623220777331815023e-01,-8.952570089131293152e-01,5.633890179119694919e-01,2.780849656451372942e-01,-9.155976632236543233e-01,3.985810223994671886e-01
