time,right: target position x,right: target position y,right: target position x,right: current position x,right: current position y,right: current position z,right: target orientation w,right: target orientation x,right: target orientation y,right: target orientation z,right: current orientation w,right: current orientation x,right: current orientation y,right: current orientation z,left: target position x,left: target position y,left: target position x,left: current position x,left: current position y,left: current position z,left: target orientation w,left: target orientation x,left: target orientation y,left: target orientation z,left: current orientation w,left: current orientation x,left: current orientation y,left: current orientation z
0.2,0.444985192072,-0.478990125299,0.675594708246,0.449228690466,-0.490415504228,0.677391346773,0.000464370054339,0.999978970486,0.00643353301874,-0.000672755084184,0.0015166749856,0.999914151709,0.0126313765554,-0.00313643686299,0.110288189164,0.444403865457,0.796550529706,0.110384151749,0.442208234035,0.800568896422,0.000480343062664,0.999978636767,0.00648002227203,-0.000710345713697,0.00102573099528,0.99991212815,0.0131003934976,-0.00175029829152
0.3,0.443280916464,-0.471129941583,0.675670584959,0.449206397582,-0.490386084614,0.677370934457,0.000464370054339,0.999978970486,0.00643353301874,-0.000672755084184,0.00129779262132,0.999913496451,0.0127213837429,-0.00307924422499,0.109426007978,0.449367263437,0.794086175667,0.110375205021,0.442239463155,0.800544087846,0.000480343062664,0.999978636767,0.00648002227203,-0.000710345713697,0.000978248823986,0.99991192228,0.0131202207788,-0.00174657346572
0.4,0.442352067482,-0.464886027217,0.674978932661,0.449260442652,-0.489504462498,0.676413035776,0.000464370054339,0.999978970486,0.00643353301874,-0.000672755084184,0.00158923455088,0.99991595838,0.0124365957346,-0.00329872651465,0.108367846719,0.45387656343,0.79190351318,0.109763148043,0.442512996749,0.800335463818,0.000480343062664,0.999978636767,0.00648002227203,-0.000710345713697,0.000977498945008,0.999910577661,0.0132373995846,-0.00162862830785
0.5,0.443814020406,-0.463055449367,0.676462313456,0.449260442652,-0.489504462498,0.676413035776,0.000464370054339,0.999978970486,0.00643353301874,-0.000672755084184,0.00158923455088,0.99991595838,0.0124365957346,-0.00329872651465,0.105793790332,0.45719430697,0.787033098446,0.109763148043,0.442512996749,0.800335463818,0.000480343062664,0.999978636767,0.00648002227203,-0.000710345713697,0.000977498945008,0.999910577661,0.0132373995846,-0.00162862830785
0.6,0.444596361171,-0.463153856635,0.680228015703,0.449094214138,-0.48932097218,0.676161037648,0.000464370054339,0.999978970486,0.00643353301874,-0.000672755084184,0.00134073541143,0.999915461958,0.0125043200938,-0.00330353521431,0.103750870935,0.462255039335,0.781650024163,0.109698239383,0.442798267924,0.800007621939,0.000480343062664,0.999978636767,0.00648002227203,-0.000710345713697,0.000826696254353,0.999948016319,0.0100171336452,-0.00171413718704
0.7,0.443791728269,-0.464037435889,0.685929617209,0.447400088641,-0.482505897755,0.675027154597,0.000464370054339,0.999978970486,0.00643353301874,-0.000672755084184,0.00198616278612,0.999968695207,0.00639802300347,-0.00421058963613,0.102210448495,0.46638349545,0.776280539738,0.10862481368,0.446186049944,0.797703266355,0.000480343062664,0.999978636767,0.00648002227203,-0.000710345713697,0.000980513342249,0.999977011911,0.00642739690538,-0.00192426923664
0.8,0.443060647499,-0.465130734086,0.691217920107,0.445576600121,-0.473349723631,0.67444440585,0.000464370054339,0.999978970486,0.00643353301874,-0.000672755084184,0.00207579540419,0.999957806695,0.00800082983885,-0.00400782037839,0.100809173099,0.468966224313,0.771585005032,0.108126176137,0.449072722709,0.795530846567,0.000480343062664,0.999978636767,0.00648002227203,-0.000710345713697,0.000882665319758,0.999991682028,0.00347283164468,-0.00194838822753
0.9,0.443427901518,-0.466697442174,0.694684705061,0.445576600121,-0.473349723631,0.67444440585,0.000464370054339,0.999978970486,0.00643353301874,-0.000672755084184,0.00207579540419,0.999957806695,0.00800082983885,-0.00400782037839,0.0993745191013,0.471569755197,0.768553333985,0.108126176137,0.449072722709,0.795530846567,0.000480343062664,0.999978636767,0.00648002227203,-0.000710345713697,0.000882665319758,0.999991682028,0.00347283164468,-0.00194838822753
1.0,0.444438647281,-0.469234454274,0.697214206976,0.443321427251,-0.467829701011,0.674057722438,0.000464370054339,0.999978970486,0.00643353301874,-0.000672755084184,0.00173074015206,0.99993075578,0.0111984925703,-0.00317520824718,0.0982776148235,0.473602243781,0.765498774754,0.107726341265,0.452850788253,0.792750985047,0.000480343062664,0.999978636767,0.00648002227203,-0.000710345713697,0.000798275422156,0.999998095104,0.000205936052355,-0.00176921849543
1.1,0.444694172393,-0.471437084317,0.701572200579,0.442319624049,-0.464174857678,0.673899413385,0.000464370054339,0.999978970486,0.00643353301874,-0.000672755084184,0.0015353259891,0.999920376415,0.0122060525396,-0.00280996197102,0.0975471002971,0.475703575731,0.762191849457,0.107562973205,0.454299234075,0.791674580575,0.000480343062664,0.999978636767,0.00648002227203,-0.000710345713697,0.000774990240892,0.999996715578,0.00181816357439,-0.00163171843814
1.2,0.444083880436,-0.474080758929,0.707767864985,0.442319624049,-0.464174857678,0.673899413385,0.000464370054339,0.999978970486,0.00643353301874,-0.000672755084184,0.0015353259891,0.999920376415,0.0122060525396,-0.00280996197102,0.0964756472026,0.479625263334,0.758539753663,0.107562973205,0.454299234075,0.791674580575,0.000480343062664,0.999978636767,0.00648002227203,-0.000710345713697,0.000774990240892,0.999996715578,0.00181816357439,-0.00163171843814
1.3,0.444931220066,-0.480617689729,0.713249406141,0.442390685096,-0.463930611503,0.674431471259,0.000464370054339,0.999978970486,0.00643353301874,-0.000672755084184,0.00171155995976,0.999957790516,0.00851294204121,-0.00300292620034,0.0953546626484,0.483491608024,0.755391376721,0.107376469931,0.45475431724,0.790861889686,0.000480343062664,0.999978636767,0.00648002227203,-0.000710345713697,0.000699756852132,0.999989562409,0.00412206529044,-0.00184227880136
1.4,0.445701520692,-0.488580095411,0.716618022246,0.44280943084,-0.463783239404,0.678130127096,0.000464370054339,0.999978970486,0.00643353301874,-0.000672755084184,0.00196776182829,0.999975337821,0.00573003586234,-0.00355223201587,0.094026134721,0.487143882633,0.753704922902,0.105228208737,0.458781661405,0.786104966289,0.000480343062664,0.999978636767,0.00648002227203,-0.000710345713697,0.000795135432085,0.99998579573,0.00489871501554,-0.00194388495415
1.5,0.44637725855,-0.495653199792,0.717719277662,0.443457100158,-0.465305441086,0.683633980269,0.000464370054339,0.999978970486,0.00643353301874,-0.000672755084184,0.00204036097939,0.999971692042,0.00621751740265,-0.00371409741482,0.0924158556377,0.491259225727,0.752134459721,0.102508475102,0.464072877378,0.779416914969,0.000480343062664,0.999978636767,0.00648002227203,-0.000710345713697,0.000817480198023,0.999977911133,0.00630586796865,-0.00193520059299
1.6,0.44612611438,-0.50198696816,0.718589743895,0.443811597245,-0.465865275561,0.687664710232,0.000464370054339,0.999978970486,0.00643353301874,-0.000672755084184,0.0018662314035,0.999964441691,0.00750870090566,-0.00335439189066,0.0916212065136,0.495893069625,0.751012163865,0.100932089605,0.467294003442,0.774806957807,0.000480343062664,0.999978636767,0.00648002227203,-0.000710345713697,0.000698120440336,0.999958531386,0.0088952211103,-0.00182295832507
1.7,0.445942472469,-0.508979278445,0.719231805128,0.444453188295,-0.468353085042,0.695642802159,0.000464370054339,0.999978970486,0.00643353301874,-0.000672755084184,0.00152981610461,0.999912884661,0.0128857733219,-0.00241652588896,0.0909464223301,0.499235340476,0.749267535912,0.0976451442724,0.473701884095,0.765715281851,0.000480343062664,0.999978636767,0.00648002227203,-0.000710345713697,0.000557148793008,0.999910562631,0.0132817024657,-0.00146720968372
1.8,0.44683666135,-0.518302726388,0.718424996657,0.444470923988,-0.468183312851,0.696058674839,0.000464370054339,0.999978970486,0.00643353301874,-0.000672755084184,0.00157237253487,0.999920190437,0.0122887547614,-0.00247525900611,0.0897028310215,0.50156463039,0.746251779305,0.0975696598309,0.473920772233,0.76513530193,0.000480343062664,0.999978636767,0.00648002227203,-0.000710345713697,0.000483564088235,0.999912733819,0.0131078691211,-0.00157311161731
1.9,0.447295855533,-0.529319989324,0.717871388716,0.444486823117,-0.468073724957,0.69618129691,0.000464370054339,0.999978970486,0.00643353301874,-0.000672755084184,0.00163710004357,0.999913658015,0.0127789623184,-0.00258738119833,0.0891484482204,0.503635742784,0.741345482575,0.0975472113215,0.474067042704,0.764991314189,0.000480343062664,0.999978636767,0.00648002227203,-0.000710345713697,0.000431987969852,0.999921217877,0.0124414987729,-0.00160640414222
2.0,0.446266036283,-0.536556172014,0.718879124445,0.445009371157,-0.472621843872,0.69924369251,0.000464370054339,0.999978970486,0.00643353301874,-0.000672755084184,0.00201366735376,0.999853914057,0.0166434924982,-0.00333014216882,0.0881605310356,0.505146333099,0.738745170342,0.0961186829924,0.478358500381,0.762521524263,0.000480343062664,0.999978636767,0.00648002227203,-0.000710345713697,0.000721898406113,0.99996131586,0.00860791619815,-0.00165813898398
2.1,0.445988397848,-0.542318927884,0.718668243212,0.445721719742,-0.484328195684,0.704371949836,0.000464370054339,0.999978970486,0.00643353301874,-0.000672755084184,0.00206764995012,0.999872048702,0.015374336131,-0.00390395148151,0.0871437652027,0.507438727737,0.736202495801,0.0940561380366,0.48487958652,0.758634634017,0.000480343062664,0.999978636767,0.00648002227203,-0.000710345713697,0.00108052923768,0.999992557771,0.00330085441136,-0.00167964885855
2.2,0.446185927641,-0.547243702054,0.716157278341,0.446037252053,-0.490781122647,0.708452522631,0.000464370054339,0.999978970486,0.00643353301874,-0.000672755084184,0.00216815393277,0.999965184078,0.00714398070541,-0.00372736896709,0.0855571491634,0.50963879478,0.734945374238,0.092934582292,0.489341600928,0.755716613574,0.000480343062664,0.999978636767,0.00648002227203,-0.000710345713697,0.00111170630868,0.999996523892,0.00166299871398,-0.00171777423967
2.3,0.446509253036,-0.550843762994,0.712043604178,0.446169253935,-0.49928498766,0.713722549447,0.000464370054339,0.999978970486,0.00643353301874,-0.000672755084184,0.00193575982812,0.999987998497,0.00320600330729,-0.00315867658908,0.0843572182571,0.511757233262,0.733543532597,0.0913969122436,0.495006021251,0.752066121263,0.000480343062664,0.999978636767,0.00648002227203,-0.000710345713697,0.00129574518122,0.999997918697,0.000103103905464,-0.00157258220287
2.4,0.447460423957,-0.555599140764,0.706473013682,0.445999475718,-0.50885547103,0.717784584157,0.000464370054339,0.999978970486,0.00643353301874,-0.000672755084184,0.00166144521321,0.999992450232,0.00227362679105,-0.00267762951316,0.0818882150566,0.512862720609,0.732277768361,0.0902145270711,0.499267967318,0.749230045995,0.000480343062664,0.999978636767,0.00648002227203,-0.000710345713697,0.00145329175101,0.999997486739,0.000822938346217,-0.00149573767694
2.5,0.447743605625,-0.56181149447,0.700291594786,0.445999475718,-0.50885547103,0.717784584157,0.000464370054339,0.999978970486,0.00643353301874,-0.000672755084184,0.00166144521321,0.999992450232,0.00227362679105,-0.00267762951316,0.0795611305152,0.51313684237,0.731254297005,0.0902145270711,0.499267967318,0.749230045995,0.000480343062664,0.999978636767,0.00648002227203,-0.000710345713697,0.00145329175101,0.999997486739,0.000822938346217,-0.00149573767694
2.6,0.448143105756,-0.567798959852,0.692934355063,0.446080129769,-0.50808366104,0.71814927038,0.000464370054339,0.999978970486,0.00643353301874,-0.000672755084184,0.00191664506702,0.999994205749,-0.000499152917925,-0.0027687155102,0.0772142274295,0.513513037086,0.730663495766,0.0901975883771,0.499634485821,0.748871384974,0.000480343062664,0.999978636767,0.00648002227203,-0.000710345713697,0.00139226938988,0.999981150218,0.00575191107826,-0.00163594398678
2.7,0.447669129621,-0.570810186506,0.685334762854,0.446079756378,-0.507525334918,0.718166640338,0.000464370054339,0.999978970486,0.00643353301874,-0.000672755084184,0.00181856196716,0.999971471753,0.0068011068621,-0.00273741828753,0.0757757289325,0.513504454017,0.730757790314,0.0901737078508,0.499640671657,0.748879662451,0.000480343062664,0.999978636767,0.00648002227203,-0.000710345713697,0.00138484731437,0.999927768389,0.0118314989434,-0.00159869828999
2.8,0.448230754387,-0.57154272759,0.67864879064,0.446546856036,-0.510609899972,0.716517009507,0.000464370054339,0.999978970486,0.00643353301874,-0.000672755084184,0.00202658831587,0.999906202142,0.0131979638723,-0.00304854188353,0.074464754573,0.511771150947,0.729833679902,0.0891637690316,0.500807413721,0.74741784914,0.000480343062664,0.999978636767,0.00648002227203,-0.000710345713697,0.00146002381665,0.99991712053,0.012681764791,-0.00167129960225
2.9,0.448618244182,-0.572339462877,0.672406276983,0.447442755098,-0.525783485196,0.711178332471,0.000464370054339,0.999978970486,0.00643353301874,-0.000672755084184,0.00186866254477,0.999949850746,0.00900710193779,-0.00395931902366,0.074236975423,0.511324145914,0.726872878777,0.0857245184644,0.504898956133,0.742631671861,0.000480343062664,0.999978636767,0.00648002227203,-0.000710345713697,0.00167118931595,0.999914011011,0.0128992670017,-0.00166931751637
3.0,0.447714250337,-0.572190630079,0.666303536219,0.447770868751,-0.535963509008,0.707900676565,0.000464370054339,0.999978970486,0.00643353301874,-0.000672755084184,0.0017384341409,0.999990802617,-0.000952729477909,-0.00380326629665,0.0735001726066,0.509176471353,0.724512058007,0.0837881723981,0.50732856261,0.739422865935,0.000480343062664,0.999978636767,0.00648002227203,-0.000710345713697,0.00154770493326,0.999909950193,0.0132279204635,-0.00164870706705
3.1,0.44668061639,-0.571015852332,0.658274373335,0.448156691292,-0.54443570161,0.704396239166,0.000464370054339,0.999978970486,0.00643353301874,-0.000672755084184,0.00150871865941,0.999992622072,0.000777900330445,-0.00344593091497,0.0728422863399,0.506042548538,0.722570198285,0.0817553145466,0.509842218893,0.735989357044,0.000480343062664,0.999978636767,0.00648002227203,-0.000710345713697,0.0013917362278,0.999915739734,0.012818770159,-0.00150187670481
3.2,0.448043685209,-0.565905558706,0.649532517714,0.447531918234,-0.562366686292,0.699286477831,0.000464370054339,0.999978970486,0.00643353301874,-0.000672755084184,0.000877443463904,0.99997949556,0.00557137095997,-0.0030328828124,0.0728800458824,0.501941868186,0.719738918053,0.0787441935693,0.513472790037,0.730984610303,0.000480343062664,0.999978636767,0.00648002227203,-0.000710345713697,0.00117268247718,0.999912644089,0.0131055548553,-0.00125436750394
3.3,0.448846291553,-0.55550156796,0.641434451861,0.447886159752,-0.560275800356,0.699246070919,0.000464370054339,0.999978970486,0.00643353301874,-0.000672755084184,0.00110516084261,0.9999948947,3.29947307516e-05,-0.00299801688195,0.0728050334369,0.493364521385,0.718263107049,0.0787723486908,0.513420926828,0.73094599099,0.000480343062664,0.999978636767,0.00648002227203,-0.000710345713697,0.00116745022502,0.999917754399,0.0127085927622,-0.00127010515716
3.4,0.44937406088,-0.545898723245,0.634255430025,0.447886159752,-0.560275800356,0.699246070919,0.000464370054339,0.999978970486,0.00643353301874,-0.000672755084184,0.00110516084261,0.9999948947,3.29947307516e-05,-0.00299801688195,0.0734245641147,0.4866263057,0.716276782261,0.0787723486908,0.513420926828,0.73094599099,0.000480343062664,0.999978636767,0.00648002227203,-0.000710345713697,0.00116745022502,0.999917754399,0.0127085927622,-0.00127010515716
3.5,0.449888746988,-0.540766048074,0.629034599585,0.448330548462,-0.561182752663,0.691546817711,0.000464370054339,0.999978970486,0.00643353301874,-0.000672755084184,0.000946223783455,0.999935205809,0.0107704920374,-0.00356164926196,0.0734498662864,0.481162645936,0.714610951649,0.0775571356543,0.511863328771,0.729200505588,0.000480343062664,0.999978636767,0.00648002227203,-0.000710345713697,0.00136893321382,0.999892481371,0.0145351978275,-0.0013710374251
3.6,0.450363229763,-0.53530122602,0.624003669542,0.448838393704,-0.561395619033,0.680941592782,0.000464370054339,0.999978970486,0.00643353301874,-0.000672755084184,0.000928317062427,0.999939450564,0.0100811114219,-0.00431330789022,0.0736193520938,0.474263020873,0.713341313111,0.0759589770528,0.509679545271,0.726820834661,0.000480343062664,0.999978636767,0.00648002227203,-0.000710345713697,0.00158879346982,0.999868086625,0.0160989661123,-0.00145202392757
3.7,0.451009165298,-0.529219019056,0.618006905836,0.448838393704,-0.561395619033,0.680941592782,0.000464370054339,0.999978970486,0.00643353301874,-0.000672755084184,0.000928317062427,0.999939450564,0.0100811114219,-0.00431330789022,0.074293182603,0.467075952411,0.712530987965,0.0759589770528,0.509679545271,0.726820834661,0.000480343062664,0.999978636767,0.00648002227203,-0.000710345713697,0.00158879346982,0.999868086625,0.0160989661123,-0.00145202392757
3.8,0.451411824476,-0.522092896343,0.611138006968,0.448889764775,-0.562995816175,0.665150166983,0.000464370054339,0.999978970486,0.00643353301874,-0.000672755084184,0.000824556078056,0.999927835909,0.0113806203077,-0.00375826596648,0.0747633142387,0.462253757835,0.712701576458,0.074041071115,0.506077868315,0.723240468753,0.000480343062664,0.999978636767,0.00648002227203,-0.000710345713697,0.00152084984444,0.999890261344,0.0146751320492,-0.00133894925388
3.9,0.45173154379,-0.514782356858,0.603993973059,0.448570169752,-0.564011819035,0.655680824389,0.000464370054339,0.999978970486,0.00643353301874,-0.000672755084184,0.000962731722131,0.999914789602,0.0125455995682,-0.00347773105894,0.0749460918819,0.456885346294,0.713056998955,0.0729431457539,0.503918273465,0.721085450622,0.000480343062664,0.999978636767,0.00648002227203,-0.000710345713697,0.00144343145911,0.999907929384,0.0134335290961,-0.00126077643832
4.0,0.452193628799,-0.509007203222,0.597774228377,0.4481842631,-0.564811208519,0.649258606473,0.000464370054339,0.999978970486,0.00643353301874,-0.000672755084184,0.00115810664164,0.999908141769,0.0130949314992,-0.00329993673368,0.0758565826332,0.450083055616,0.713145333039,0.0722072790903,0.502459754505,0.719607946092,0.000480343062664,0.999978636767,0.00648002227203,-0.000710345713697,0.00139059331391,0.99993400396,0.0113390914147,-0.00121613342123
4.1,0.452498476755,-0.502457755447,0.59181698255,0.448121585997,-0.564944446954,0.648414103973,0.000464370054339,0.999978970486,0.00643353301874,-0.000672755084184,0.00118054734894,0.999907545084,0.0131964985121,-0.00305941474847,0.07641796898,0.441732504487,0.712430494534,0.0721208454513,0.502245673959,0.719390955276,0.000480343062664,0.999978636767,0.00648002227203,-0.000710345713697,0.00137516404315,0.999970402264,0.00747394617662,-0.00120151952263
4.2,0.454808603775,-0.495507794261,0.584110876841,0.448130194982,-0.564918504599,0.648360861834,0.000464370054339,0.999978970486,0.00643353301874,-0.000672755084184,0.00118594364534,0.999907229569,0.013216361311,-0.00307466860202,0.0765378339206,0.431555220008,0.711734610306,0.0721189739377,0.502225253405,0.719391556312,0.000480343062664,0.999978636767,0.00648002227203,-0.000710345713697,0.00139787865638,0.999990842164,0.00386926088175,-0.00117912844745
4.3,0.455545287382,-0.487134414554,0.578125497622,0.448130194982,-0.564918504599,0.648360861834,0.000464370054339,0.999978970486,0.00643353301874,-0.000672755084184,0.00118594364534,0.999907229569,0.013216361311,-0.00307466860202,0.0771406156932,0.424320795656,0.711589532601,0.0721189739377,0.502225253405,0.719391556312,0.000480343062664,0.999978636767,0.00648002227203,-0.000710345713697,0.00139787865638,0.999990842164,0.00386926088175,-0.00117912844745
4.4,0.456427585136,-0.479971634984,0.573929688257,0.448672039672,-0.56209605455,0.644527189282,0.000464370054339,0.999978970486,0.00643353301874,-0.000672755084184,0.00119199201242,0.999947743397,0.00936704847788,-0.00391765665562,0.0773742062961,0.418449887157,0.711227732407,0.0721226141733,0.49875900787,0.71907423248,0.000480343062664,0.999978636767,0.00648002227203,-0.000710345713697,0.00150018010869,0.999984539052,0.00524023443818,-0.00110048123689
4.5,0.457300852787,-0.471790599466,0.571052274031,0.450731513025,-0.548837228723,0.63438821793,0.000464370054339,0.999978970486,0.00643353301874,-0.000672755084184,0.00130144335357,0.999959182494,0.00741894222302,-0.00498987848851,0.077390001527,0.412363567472,0.711281316983,0.0727025550587,0.48876795943,0.718253068584,0.000480343062664,0.999978636767,0.00648002227203,-0.000710345713697,0.00144737109488,0.999912867176,0.0130920788386,-0.000872149670381
4.6,0.459155093681,-0.462995367885,0.567389926237,0.452923185422,-0.522194035604,0.610252032847,0.000464370054339,0.999978970486,0.00643353301874,-0.000672755084184,0.000861345066314,0.999929365299,0.0110813289918,-0.00421030220368,0.0768696827804,0.403689094901,0.712885933625,0.0745900512331,0.463062856584,0.715574591343,0.000480343062664,0.999978636767,0.00648002227203,-0.000710345713697,0.000984610658626,0.999935914947,0.011269497974,-0.000441538317735
4.7,0.460111927044,-0.454915839076,0.561671754641,0.452949323965,-0.510083892082,0.600143123399,0.000464370054339,0.999978970486,0.00643353301874,-0.000672755084184,0.00098638166421,0.999863336255,0.0160686955151,-0.00375937352227,0.0757449729358,0.395273634315,0.716476755845,0.0751504942612,0.452286195067,0.713983021647,0.000480343062664,0.999978636767,0.00648002227203,-0.000710345713697,0.00103370803904,0.999989384192,0.00443315434642,-0.000714207898789
4.8,0.459895830404,-0.44700406754,0.554853221697,0.452949323965,-0.510083892082,0.600143123399,0.000464370054339,0.999978970486,0.00643353301874,-0.000672755084184,0.00098638166421,0.999863336255,0.0160686955151,-0.00375937352227,0.0748941166317,0.389407166362,0.720031100022,0.0751504942612,0.452286195067,0.713983021647,0.000480343062664,0.999978636767,0.00648002227203,-0.000710345713697,0.00103370803904,0.999989384192,0.00443315434642,-0.000714207898789
4.9,0.45958189274,-0.438931512475,0.547110339922,0.452572303583,-0.504899739548,0.593377899743,0.000464370054339,0.999978970486,0.00643353301874,-0.000672755084184,0.00116513181166,0.999921803158,0.0119711555734,-0.0034236635206,0.0743605954563,0.384579100728,0.724977093445,0.0755466787639,0.444986298467,0.712699712722,0.000480343062664,0.999978636767,0.00648002227203,-0.000710345713697,0.00101480829905,0.999998233333,-0.000976524062152,-0.00124494812922
5.0,0.458075176727,-0.431395041585,0.539832016749,0.452375629329,-0.502016426662,0.590584683606,0.000464370054339,0.999978970486,0.00643353301874,-0.000672755084184,0.0012071195402,0.999916948074,0.0124384558216,-0.00315033857386,0.0740491015827,0.378585436464,0.730703848111,0.0757248428337,0.441948337636,0.712116074388,0.000480343062664,0.999978636767,0.00648002227203,-0.000710345713697,0.000996662399098,0.999998307189,-0.000194592833644,-0.00153441059816
5.1,0.458005260479,-0.42757393682,0.535433074755,0.452457463076,-0.501551901481,0.590319309019,0.000464370054339,0.999978970486,0.00643353301874,-0.000672755084184,0.00117097247641,0.999948844413,0.00956410093348,-0.0030765814662,0.0740542573845,0.373413869262,0.734590547787,0.0756317832101,0.441647054844,0.712240188616,0.000480343062664,0.999978636767,0.00648002227203,-0.000710345713697,0.00105102838712,0.999996658627,0.00185538325113,-0.0014613782292
5.2,0.459110002767,-0.425659376025,0.532571992201,0.453559108446,-0.495127221326,0.585422112755,0.000464370054339,0.999978970486,0.00643353301874,-0.000672755084184,0.00188535481983,0.999986115442,0.00220827174411,-0.00439748756278,0.074474917165,0.36663705957,0.736097889649,0.0751670120115,0.436472331449,0.713614336226,0.000480343062664,0.999978636767,0.00648002227203,-0.000710345713697,0.00103411974483,0.9999650528,0.00816637766257,-0.00146083928295
5.3,0.45841066147,-0.424031066537,0.532518824858,0.455186745202,-0.482776229075,0.578346798064,0.000464370054339,0.999978970486,0.00643353301874,-0.000672755084184,0.0021253335489,0.999968200402,0.00615580993499,-0.00460294963951,0.0737587077533,0.357481547714,0.737576561677,0.0749208676044,0.427726933629,0.715947624054,0.000480343062664,0.999978636767,0.00648002227203,-0.000710345713697,0.000834418705919,0.99997335975,0.0071552945674,-0.00117698598315
5.4,0.45876676942,-0.424567627549,0.532448074144,0.455186745202,-0.482776229075,0.578346798064,0.000464370054339,0.999978970486,0.00643353301874,-0.000672755084184,0.0021253335489,0.999968200402,0.00615580993499,-0.00460294963951,0.0741880400096,0.356116958976,0.739092427002,0.0749208676044,0.427726933629,0.715947624054,0.000480343062664,0.999978636767,0.00648002227203,-0.000710345713697,0.000834418705919,0.99997335975,0.0071552945674,-0.00117698598315
5.5,0.45829914118,-0.424541312099,0.532558044714,0.458502568411,-0.450904889084,0.556474209603,0.000464370054339,0.999978970486,0.00643353301874,-0.000672755084184,0.00194445746043,0.999937790762,0.0103741053864,-0.00360716355488,0.0750813944255,0.354703405023,0.744693117844,0.0746630914526,0.398796011868,0.722099479259,0.000480343062664,0.999978636767,0.00648002227203,-0.000710345713697,4.02877672979e-05,-0.999956089718,-0.00923950881176,0.00156476531683
5.6,0.457560013782,-0.425170200706,0.531536719126,0.459121733184,-0.443421703047,0.550003729111,0.000464370054339,0.999978970486,0.00643353301874,-0.000672755084184,0.00161802151106,0.999906871371,0.0132101948099,-0.00302015633069,0.0783465368663,0.354042329908,0.753877895581,0.0741543062513,0.390179429671,0.723702496976,0.000480343062664,0.999978636767,0.00648002227203,-0.000710345713697,9.64633635282e-06,-0.999995573777,-0.00253497671021,0.00155763517499
5.7,0.455060999643,-0.425251412034,0.529482921881,0.459297344853,-0.438089105331,0.545955298687,0.000464370054339,0.999978970486,0.00643353301874,-0.000672755084184,0.00182572012995,0.999940582466,0.0103073974198,-0.00304234145389,0.081974135152,0.356073745609,0.765674548852,0.0738381721296,0.385052840781,0.724556962917,0.000480343062664,0.999978636767,0.00648002227203,-0.000710345713697,6.98895708854e-05,0.999998373068,-0.000705552401861,-0.00165866573613
5.8,0.45183111335,-0.42034288013,0.525777777952,0.459299368121,-0.437777452269,0.545745232082,0.000464370054339,0.999978970486,0.00643353301874,-0.000672755084184,0.00173711223653,0.999915644926,0.0125309274212,-0.00294301396299,0.0851234955703,0.358814247966,0.777720409142,0.0737034697364,0.384783588968,0.724678345394,0.000480343062664,0.999978636767,0.00648002227203,-0.000710345713697,0.000150904079109,0.999998843221,-0.00031846714411,-0.00147964973081
5.9,0.449487786543,-0.416198598981,0.52317734651,0.459299368121,-0.437777452269,0.545745232082,0.000464370054339,0.999978970486,0.00643353301874,-0.000672755084184,0.00173711223653,0.999915644926,0.0125309274212,-0.00294301396299,0.0875278277313,0.360131301999,0.783946114289,0.0737034697364,0.384783588968,0.724678345394,0.000480343062664,0.999978636767,0.00648002227203,-0.000710345713697,0.000150904079109,0.999998843221,-0.00031846714411,-0.00147964973081
6.0,0.447582166444,-0.413476574064,0.521689972204,0.459197870148,-0.438073365586,0.544801342977,0.000464370054339,0.999978970486,0.00643353301874,-0.000672755084184,0.00197798960466,0.999957030462,0.00842850352532,-0.00331437989675,0.0885808629905,0.361655929208,0.786633091675,0.0737850368997,0.383795735029,0.726444355814,0.000480343062664,0.999978636767,0.00648002227203,-0.000710345713697,0.000157093518766,0.999996365758,0.0022442463344,-0.00148564805304
6.1,0.445954333793,-0.410874741912,0.520373007578,0.458545280264,-0.435364505177,0.542642493832,0.000464370054339,0.999978970486,0.00643353301874,-0.000672755084184,0.00251355850062,0.999980199516,0.00402913708708,-0.0041290015739,0.0903180999672,0.362952658058,0.790450947987,0.0742285094418,0.381262396912,0.730364807436,0.000480343062664,0.999978636767,0.00648002227203,-0.000710345713697,3.29833217238e-05,0.999979304003,0.00620217915433,-0.00170981049988
6.2,0.444092970144,-0.407787042499,0.5181468337,0.456900204435,-0.430972552126,0.53594079722,0.000464370054339,0.999978970486,0.00643353301874,-0.000672755084184,0.0021699957341,0.999934111968,0.0105311031326,-0.00401978945336,0.0934504432594,0.363793560386,0.796337323891,0.0771505531764,0.370414906671,0.746571933901,0.000480343062664,0.999978636767,0.00648002227203,-0.000710345713697,0.000159727108408,-0.999955626762,-0.00932147745017,0.00135242461286
6.3,0.441439728986,-0.40426783526,0.515006861014,0.456900204435,-0.430972552126,0.53594079722,0.000464370054339,0.999978970486,0.00643353301874,-0.000672755084184,0.0021699957341,0.999934111968,0.0105311031326,-0.00401978945336,0.0963013036167,0.362554648042,0.801980930077,0.0771505531764,0.370414906671,0.746571933901,0.000480343062664,0.999978636767,0.00648002227203,-0.000710345713697,0.000159727108408,-0.999955626762,-0.00932147745017,0.00135242461286
6.4,0.43920124675,-0.401522057891,0.513032755179,0.455796617519,-0.427175163458,0.532521401983,0.000464370054339,0.999978970486,0.00643353301874,-0.000672755084184,0.00188827883788,0.999889681643,0.0142719951589,-0.00365637809321,0.0979287786399,0.36110568893,0.806871848809,0.0787038206047,0.364311460133,0.755096109934,0.000480343062664,0.999978636767,0.00648002227203,-0.000710345713697,8.05738809611e-06,0.999964141747,0.00841853019232,-0.000918425343816
6.5,0.438111614238,-0.399824905038,0.511660060209,0.455142819622,-0.42606965515,0.529795471317,0.000464370054339,0.999978970486,0.00643353301874,-0.000672755084184,0.00165055007359,0.99991120017,0.0127826290453,-0.00338701253173,0.100060270539,0.360570320011,0.811224597203,0.0800263375176,0.360006410135,0.76070292412,0.000480343062664,0.999978636767,0.00648002227203,-0.000710345713697,2.12334352145e-05,0.999982775319,0.00578904341422,-0.000967259545365
6.6,0.437605362188,-0.399279194713,0.511258563322,0.454677833879,-0.424618460841,0.528393716374,0.000464370054339,0.999978970486,0.00643353301874,-0.000672755084184,0.00156516177082,0.999935242434,0.0107888015702,-0.0032654199837,0.102427469007,0.362230100751,0.818938809144,0.081102863398,0.356560683332,0.764862272148,0.000480343062664,0.999978636767,0.00648002227203,-0.000710345713697,1.15293129913e-05,-0.999998228603,-0.00147796101629,0.00116545703697
6.7,0.436369430076,-0.398047643543,0.51052643947,0.454676582401,-0.424857873372,0.52819017181,0.000464370054339,0.999978970486,0.00643353301874,-0.000672755084184,0.00154144134876,0.99991621065,0.0124421744942,-0.00322303139214,0.104822562448,0.365130909801,0.829321461426,0.0812025567958,0.3562198511,0.765396069904,0.000480343062664,0.999978636767,0.00648002227203,-0.000710345713697,2.39086722794e-05,0.999998470316,-0.00134342093295,-0.00111982772323
6.8,0.433452825796,-0.394248354078,0.50914051227,0.454422282211,-0.424524354241,0.527795018303,0.000464370054339,0.999978970486,0.00643353301874,-0.000672755084184,0.00167959409788,0.999908911998,0.0129455874116,-0.00342905769741,0.106150196305,0.365579792381,0.833884375798,0.0813540938235,0.356364016253,0.766186436961,0.000480343062664,0.999978636767,0.00648002227203,-0.000710345713697,1.02420619962e-05,-0.999998620989,0.00108783740901,0.00125480105175
6.9,0.429308425438,-0.387923943639,0.50803484611,0.452991787459,-0.422234720062,0.525740797,0.000464370054339,0.999978970486,0.00643353301874,-0.000672755084184,0.00240512638291,0.99989844213,0.0133098550815,-0.00449094091148,0.107219175807,0.365753271699,0.836998539673,0.0822031650995,0.356984732527,0.770507117671,0.000480343062664,0.999978636767,0.00648002227203,-0.000710345713697,2.11258921877e-06,-0.999996748953,0.00193686978652,0.00165849791374
7.0,0.425950061332,-0.383091735482,0.506942114157,0.450862917334,-0.418363012448,0.523311760115,0.000464370054339,0.999978970486,0.00643353301874,-0.000672755084184,0.00278006011278,0.999883495255,0.0141445678633,-0.00501979893788,0.107766197435,0.367598929525,0.842121260869,0.0839104791333,0.357833268954,0.776951552295,0.000480343062664,0.999978636767,0.00648002227203,-0.000710345713697,5.64054573685e-05,0.999991408093,-0.00370037880324,-0.00186755322012
7.1,0.423437308323,-0.379720437169,0.505327364725,0.450862917334,-0.418363012448,0.523311760115,0.000464370054339,0.999978970486,0.00643353301874,-0.000672755084184,0.00278006011278,0.999883495255,0.0141445678633,-0.00501979893788,0.108615056983,0.3692835356,0.847209530579,0.0839104791333,0.357833268954,0.776951552295,0.000480343062664,0.999978636767,0.00648002227203,-0.000710345713697,5.64054573685e-05,0.999991408093,-0.00370037880324,-0.00186755322012
7.2,0.420823495638,-0.377542811275,0.504050692839,0.448307825053,-0.415025652296,0.520573630913,0.000464370054339,0.999978970486,0.00643353301874,-0.000672755084184,0.00251481044345,0.999871748907,0.0151199534059,-0.00464203357172,0.108090774528,0.369774052024,0.850460308301,0.0869523298431,0.35903063129,0.785961983801,0.000480343062664,0.999978636767,0.00648002227203,-0.000710345713697,0.000221999543678,0.99997485489,-0.00686948383926,-0.00174656680513
7.3,0.42065117861,-0.37771226728,0.503960987848,0.444655953594,-0.408883913092,0.517139716566,0.000464370054339,0.999978970486,0.00643353301874,-0.000672755084184,0.00232779147982,0.999919992513,0.0117150968797,-0.00416490883843,0.10755337905,0.370457449079,0.848624544846,0.0911140436243,0.36028043831,0.796961792956,0.000480343062664,0.999978636767,0.00648002227203,-0.000710345713697,0.000268213777981,0.99997868704,-0.00633400245392,-0.00156010921129
7.4,0.421706449043,-0.379251080394,0.503982385916,0.4394095363,-0.401749370048,0.512171892691,0.000464370054339,0.999978970486,0.00643353301874,-0.000672755084184,0.00200989026548,0.999906769678,0.0130647333445,-0.00342418404744,0.106273369304,0.371546574951,0.844977873074,0.0986102979365,0.36183144622,0.812360562318,0.000480343062664,0.999978636767,0.00648002227203,-0.000710345713697,0.0001040324917,-0.999982299921,-0.00572852960691,0.00160404828266
7.5,0.422606151353,-0.381058799863,0.503965875429,0.4394095363,-0.401749370048,0.512171892691,0.000464370054339,0.999978970486,0.00643353301874,-0.000672755084184,0.00200989026548,0.999906769678,0.0130647333445,-0.00342418404744,0.104408548585,0.372438022018,0.840855496632,0.0986102979365,0.36183144622,0.812360562318,0.000480343062664,0.999978636767,0.00648002227203,-0.000710345713697,0.0001040324917,-0.999982299921,-0.00572852960691,0.00160404828266
7.6,0.425107907306,-0.385433989406,0.504752239508,0.437798853339,-0.399522855968,0.510717623247,0.000464370054339,0.999978970486,0.00643353301874,-0.000672755084184,0.00195480649369,0.99991324868,0.0126289886993,-0.00319100153823,0.102689103595,0.374301829458,0.833965736138,0.100968447049,0.362231675748,0.816770446716,0.000480343062664,0.999978636767,0.00648002227203,-0.000710345713697,0.000268394472573,-0.999922564854,-0.0123480967964,0.0015220928229
7.7,0.428212027799,-0.390991943717,0.504870554728,0.437186992203,-0.398921559287,0.510129423723,0.000464370054339,0.999978970486,0.00643353301874,-0.000672755084184,0.00189490502284,0.999917462592,0.0123339270813,-0.00305803557448,0.101422802917,0.378238805652,0.826076048123,0.101892524301,0.362465827737,0.818653283386,0.000480343062664,0.999978636767,0.00648002227203,-0.000710345713697,0.000277102040497,-0.999912721895,-0.0131347529227,0.00139644972454
7.8,0.430761378061,-0.397223937154,0.504704615397,0.437186992203,-0.398921559287,0.510129423723,0.000464370054339,0.999978970486,0.00643353301874,-0.000672755084184,0.00189490502284,0.999917462592,0.0123339270813,-0.00305803557448,0.100371376983,0.380517699838,0.818737107026,0.101892524301,0.362465827737,0.818653283386,0.000480343062664,0.999978636767,0.00648002227203,-0.000710345713697,0.000277102040497,-0.999912721895,-0.0131347529227,0.00139644972454
7.9,0.433151166689,-0.403548258186,0.502899727148,0.434674150352,-0.396655721637,0.508368143046,0.000464370054339,0.999978970486,0.00643353301874,-0.000672755084184,0.00251254853538,0.99991132804,0.0125355765591,-0.00372591955729,0.100253836623,0.383305200458,0.811658220994,0.101589738671,0.365112222835,0.821756603654,0.000480343062664,0.999978636767,0.00648002227203,-0.000710345713697,0.000234348112253,-0.99994384119,-0.0104699080312,0.00162498423835
8.0,0.433971982252,-0.410092043519,0.501113077921,0.434674150352,-0.396655721637,0.508368143046,0.000464370054339,0.999978970486,0.00643353301874,-0.000672755084184,0.00251254853538,0.99991132804,0.0125355765591,-0.00372591955729,0.100019769183,0.385285326362,0.804143207776,0.101589738671,0.365112222835,0.821756603654,0.000480343062664,0.999978636767,0.00648002227203,-0.000710345713697,0.000234348112253,-0.99994384119,-0.0104699080312,0.00162498423835
8.1,0.435114692699,-0.418033915401,0.498700341505,0.428866104348,-0.389795047038,0.505496282161,0.000464370054339,0.999978970486,0.00643353301874,-0.000672755084184,0.00246368074269,0.999889324304,0.0142499916304,-0.00349387439183,0.0993532402431,0.386863150716,0.797013002144,0.101728465728,0.370586833004,0.828581495404,0.000480343062664,0.999978636767,0.00648002227203,-0.000710345713697,0.000145075924251,-0.999985968073,-0.00505146627573,0.00158911876396
8.2,0.436996143114,-0.427646356464,0.496891280932,0.425768922967,-0.386170510269,0.504151470799,0.000464370054339,0.999978970486,0.00643353301874,-0.000672755084184,0.00212469130787,0.999937636448,0.0105390485426,-0.00302280610635,0.0988070232784,0.388533511281,0.790292578446,0.102011307137,0.373532505197,0.832258306825,0.000480343062664,0.999978636767,0.00648002227203,-0.000710345713697,2.96015015729e-06,-0.99999610155,-0.00244179586844,0.00135444049364
8.3,0.439375798952,-0.437707382083,0.495532116217,0.424369900053,-0.384015759127,0.503630833794,0.000464370054339,0.999978970486,0.00643353301874,-0.000672755084184,0.00199947976515,0.99996266304,0.007911020016,-0.00284435733526,0.0984949333583,0.391035744071,0.782743173348,0.102138328671,0.374641067494,0.833628494765,0.000480343062664,0.999978636767,0.00648002227203,-0.000710345713697,1.23421879229e-05,0.999995368742,0.00275101141778,-0.00130164455495
8.4,0.441184680711,-0.448695855975,0.494686147493,0.424756134919,-0.385496112734,0.503652603944,0.000464370054339,0.999978970486,0.00643353301874,-0.000672755084184,0.00196573275493,0.999953982093,0.00895880596834,-0.00281236331172,0.0981076521789,0.390916594386,0.775205927598,0.102132499691,0.374643337285,0.833623818145,0.000480343062664,0.999978636767,0.00648002227203,-0.000710345713697,3.30698113817e-06,0.99998656153,0.00501373634112,-0.0013187859264
8.5,0.44365404154,-0.460442202926,0.496239086908,0.424756134919,-0.385496112734,0.503652603944,0.000464370054339,0.999978970486,0.00643353301874,-0.000672755084184,0.00196573275493,0.999953982093,0.00895880596834,-0.00281236331172,0.0980219108974,0.391862371087,0.76778473209,0.102132499691,0.374643337285,0.833623818145,0.000480343062664,0.999978636767,0.00648002227203,-0.000710345713697,3.30698113817e-06,0.99998656153,0.00501373634112,-0.0013187859264
8.6,0.446346144926,-0.468891191125,0.496450921816,0.425980259032,-0.389318415189,0.501953936123,0.000464370054339,0.999978970486,0.00643353301874,-0.000672755084184,0.00301364755633,0.999891401252,0.0138584797536,-0.00400576699162,0.0978147847568,0.393543996931,0.760334211098,0.101182444007,0.376784584468,0.828252647961,0.000480343062664,0.999978636767,0.00648002227203,-0.000710345713697,1.49850879627e-05,-0.999956178767,-0.00915558720495,0.00195334167142
8.7,0.448391001474,-0.477204310537,0.49710710935,0.427968045687,-0.395716804169,0.500702928719,0.000464370054339,0.999978970486,0.00643353301874,-0.000672755084184,0.00323467457169,0.999890948081,0.0137601287466,-0.00427641014521,0.09704743456,0.393660285592,0.750865357625,0.100471450397,0.378987564773,0.822389825257,0.000480343062664,0.999978636767,0.00648002227203,-0.000710345713697,0.000107991942909,0.999950103869,0.00976266152951,-0.00211389443276
8.8,0.450217347395,-0.483860003591,0.497339746279,0.430559322073,-0.40381692589,0.499287057718,0.000464370054339,0.999978970486,0.00643353301874,-0.000672755084184,0.00292772252632,0.99987905487,0.0147708365334,-0.00388927505766,0.0955904288208,0.393136867404,0.741951781022,0.0996276081971,0.381874752886,0.813691983364,0.000480343062664,0.999978636767,0.00648002227203,-0.000710345713697,0.000349456557551,0.999956515697,0.00910461565257,-0.00198760409261
8.9,0.451595734607,-0.490361976266,0.497613033575,0.433929453429,-0.416331704275,0.49766670049,0.000464370054339,0.999978970486,0.00643353301874,-0.000672755084184,0.00253469629486,0.999928691392,0.0111768039692,-0.0033565605709,0.093792722932,0.391568311572,0.732314365613,0.0989926555706,0.38512621356,0.803243625616,0.000480343062664,0.999978636767,0.00648002227203,-0.000710345713697,0.000475645076858,0.999964926442,0.00813979622537,-0.00191399197595
9.0,0.453197728645,-0.497369366527,0.498473426623,0.436328443982,-0.425976302461,0.496285523741,0.000464370054339,0.999978970486,0.00643353301874,-0.000672755084184,0.0022137130748,0.999978511699,0.00545175929882,-0.00289031760064,0.0904483063137,0.387887307525,0.720534997689,0.0985000508379,0.387962770658,0.794301545728,0.000480343062664,0.999978636767,0.00648002227203,-0.000710345713697,0.000650388865579,0.999965243364,0.0081471527931,-0.00164710625563
9.1,0.454429637443,-0.504032122731,0.500514230055,0.436328443982,-0.425976302461,0.496285523741,0.000464370054339,0.999978970486,0.00643353301874,-0.000672755084184,0.0022137130748,0.999978511699,0.00545175929882,-0.00289031760064,0.0884791774665,0.387708165765,0.708725589024,0.0985000508379,0.387962770658,0.794301545728,0.000480343062664,0.999978636767,0.00648002227203,-0.000710345713697,0.000650388865579,0.999965243364,0.0081471527931,-0.00164710625563
9.2,0.457225512516,-0.511843847871,0.50149496488,0.438653696971,-0.435944687579,0.494670220074,0.000464370054339,0.999978970486,0.00643353301874,-0.000672755084184,0.001889932454,0.999994403447,0.00140322183396,-0.00237743521599,0.0872858030712,0.387627788902,0.699915128457,0.0978300416664,0.390888764661,0.783939307326,0.000480343062664,0.999978636767,0.00648002227203,-0.000710345713697,0.000877735499803,0.999915200164,0.0129331982003,-0.00124677439087
9.3,0.459227185499,-0.521331536412,0.501310130877,0.439023030462,-0.43774367431,0.494434071168,0.000464370054339,0.999978970486,0.00643353301874,-0.000672755084184,0.00185247406796,0.999995579873,0.000392663318021,-0.00229224545399,0.0864347679531,0.387616583228,0.692677276837,0.0977572363533,0.391323183596,0.782380755815,0.000480343062664,0.999978636767,0.00648002227203,-0.000710345713697,0.000909209382858,0.999909272155,0.0133875315519,-0.00118101447075
9.4,0.459825526725,-0.531224953771,0.500342449469,0.439023030462,-0.43774367431,0.494434071168,0.000464370054339,0.999978970486,0.00643353301874,-0.000672755084184,0.00185247406796,0.999995579873,0.000392663318021,-0.00229224545399,0.0860169393932,0.388278850437,0.685721414792,0.0977572363533,0.391323183596,0.782380755815,0.000480343062664,0.999978636767,0.00648002227203,-0.000710345713697,0.000909209382858,0.999909272155,0.0133875315519,-0.00118101447075
9.5,0.459355186474,-0.540486621499,0.49753840856,0.438912258816,-0.436879390033,0.494424557198,0.000464370054339,0.999978970486,0.00643353301874,-0.000672755084184,0.00188945318822,0.999995199858,0.000866734466557,-0.00229760709722,0.0865279598152,0.390347280622,0.679865437256,0.0977241648675,0.391285634952,0.782397407687,0.000480343062664,0.999978636767,0.00648002227203,-0.000710345713697,0.000939580281675,0.999915827022,0.0128897130542,-0.00114514477675
9.6,0.458598714124,-0.549170422197,0.493936499876,0.439683185403,-0.439303125449,0.494128962088,0.000464370054339,0.999978970486,0.00643353301874,-0.000672755084184,0.00264990816732,0.999943943801,0.00960476556437,-0.00358269739617,0.0854773981487,0.390576996923,0.676594751584,0.0962102912289,0.391239370465,0.778966270573,0.000480343062664,0.999978636767,0.00648002227203,-0.000710345713697,0.00100516699706,0.999886282589,0.0149714023152,-0.00150620163217
9.7,0.458220045816,-0.556949901223,0.491299649996,0.441361689823,-0.445371073928,0.494152068429,0.000464370054339,0.999978970486,0.00643353301874,-0.000672755084184,0.00322143405974,0.99995816301,0.00711706496687,-0.00475835881206,0.0847337109958,0.389714964748,0.672675925004,0.0940566824132,0.391136467564,0.773083384232,0.000480343062664,0.999978636767,0.00648002227203,-0.000710345713697,0.00108908684885,0.999860272514,0.016587744795,-0.00175956239835
9.8,0.458663683187,-0.564749198795,0.490374407095,0.441361689823,-0.445371073928,0.494152068429,0.000464370054339,0.999978970486,0.00643353301874,-0.000672755084184,0.00322143405974,0.99995816301,0.00711706496687,-0.00475835881206,0.0849519534027,0.390527137638,0.668963330494,0.0940566824132,0.391136467564,0.773083384232,0.000480343062664,0.999978636767,0.00648002227203,-0.000710345713697,0.00108908684885,0.999860272514,0.016587744795,-0.00175956239835
9.9,0.459477793228,-0.573402392507,0.490121683401,0.446749451479,-0.463775767601,0.495774292454,0.000464370054339,0.999978970486,0.00643353301874,-0.000672755084184,0.00308213662835,0.999947950359,0.00821059058011,-0.00521375188577,0.0842465324318,0.390119531274,0.663472610222,0.0893132873969,0.389996332277,0.753741797281,0.000480343062664,0.999978636767,0.00648002227203,-0.000710345713697,0.00108363266472,0.999930982366,0.0115856880965,-0.00162113443417
10.0,0.460226427566,-0.581005322576,0.49014117412,0.450305962337,-0.477347320425,0.49692334012,0.000464370054339,0.999978970486,0.00643353301874,-0.000672755084184,0.0028778993219,0.99993761041,0.00944768708946,-0.00521863880973,0.0819492800151,0.389695384622,0.654659467446,0.0868958623727,0.389071448287,0.739086763278,0.000480343062664,0.999978636767,0.00648002227203,-0.000710345713697,0.000953667214422,0.999953759266,0.00945228766964,-0.00149134394807
10.1,0.461058776628,-0.586628603578,0.489660820288,0.453518246088,-0.492513243799,0.498114443089,0.000464370054339,0.999978970486,0.00643353301874,-0.000672755084184,0.00230437706282,0.999950442931,0.00841781577551,-0.0047897710257,0.0794014496719,0.389674970031,0.645975547539,0.0855787918736,0.388327951589,0.724091835772,0.000480343062664,0.999978636767,0.00648002227203,-0.000710345713697,0.000708407225968,0.99997872346,0.0063145848401,-0.00147539970769
10.2,0.461691181909,-0.59224854672,0.489279231352,0.453518246088,-0.492513243799,0.498114443089,0.000464370054339,0.999978970486,0.00643353301874,-0.000672755084184,0.00230437706282,0.999950442931,0.00841781577551,-0.0047897710257,0.077098534814,0.388991572976,0.637407260643,0.0855787918736,0.388327951589,0.724091835772,0.000480343062664,0.999978636767,0.00648002227203,-0.000710345713697,0.000708407225968,0.99997872346,0.0063145848401,-0.00147539970769
10.3,0.462385516416,-0.597917902112,0.488746604246,0.457260672977,-0.511653918278,0.49959380107,0.000464370054339,0.999978970486,0.00643353301874,-0.000672755084184,0.00187287080833,0.999990052026,-0.00122728805945,-0.00385771537799,0.0767657322799,0.389163949609,0.632368939625,0.0852149329285,0.387705567464,0.703195415629,0.000480343062664,0.999978636767,0.00648002227203,-0.000710345713697,0.000446208981321,0.999998026334,-0.00152458909205,-0.00119325324748
10.4,0.462103109609,-0.602905678392,0.489284357351,0.457260672977,-0.511653918278,0.49959380107,0.000464370054339,0.999978970486,0.00643353301874,-0.000672755084184,0.00187287080833,0.999990052026,-0.00122728805945,-0.00385771537799,0.0772725505745,0.390408941627,0.629800277459,0.0852149329285,0.387705567464,0.703195415629,0.000480343062664,0.999978636767,0.00648002227203,-0.000710345713697,0.000446208981321,0.999998026334,-0.00152458909205,-0.00119325324748
10.5,0.461623709451,-0.610451507211,0.490345022005,0.458445001781,-0.517531228488,0.500081933117,0.000464370054339,0.999978970486,0.00643353301874,-0.000672755084184,0.00166891523738,0.999992068947,0.0011763736286,-0.00341948971948,0.0770309729492,0.391450175167,0.626847344147,0.0853921196169,0.387646993884,0.695880233519,0.000480343062664,0.999978636767,0.00648002227203,-0.000710345713697,0.000401994933773,0.999999113445,-0.000839093224164,-0.000952592593189
10.6,0.461856048357,-0.619756269098,0.490011295599,0.458844779016,-0.520825930159,0.500294443758,0.000464370054339,0.999978970486,0.00643353301874,-0.000672755084184,0.00152427771703,0.999986499073,0.00380883027197,-0.00318921026607,0.0759609503662,0.393032440067,0.621687489258,0.0856135793751,0.387665995379,0.692936504448,0.000480343062664,0.999978636767,0.00648002227203,-0.000710345713697,0.000355206477084,0.999999362103,0.000373762985858,-0.00100494904851
10.7,0.461792032968,-0.6274366256,0.490069708151,0.458968694913,-0.520436849405,0.500313523805,0.000464370054339,0.999978970486,0.00643353301874,-0.000672755084184,0.00159279252275,0.999986766414,0.00370559115189,-0.00319352512776,0.0757398767387,0.395558723331,0.617252665268,0.085618198056,0.387618561179,0.692411315713,0.000480343062664,0.999978636767,0.00648002227203,-0.000710345713697,0.000351441547041,0.999986258214,0.0051335033812,-0.00100350095705
10.8,0.461691658746,-0.630394863725,0.490413328928,0.459101528282,-0.521273751858,0.50002913811,0.000464370054339,0.999978970486,0.00643353301874,-0.000672755084184,0.00181070559747,0.999969891761,0.00663533819642,-0.00359293796998,0.0765632851039,0.396766313434,0.614574032532,0.0853032279055,0.387622914397,0.691472038361,0.000480343062664,0.999978636767,0.00648002227203,-0.000710345713697,0.000347360901273,0.999964509209,0.00834570596717,-0.00109947887319
10.9,0.461187761079,-0.633459823966,0.489826580805,0.459693945942,-0.527502072333,0.498702177409,0.000464370054339,0.999978970486,0.00643353301874,-0.000672755084184,0.00227762108031,0.999918960817,0.0113724287509,-0.00524900987328,0.0769954783832,0.397808113218,0.612306910264,0.0835998752017,0.387806557899,0.686493126206,0.000480343062664,0.999978636767,0.00648002227203,-0.000710345713697,0.000292298519328,0.999949818501,0.00992488933483,-0.00133101934262
11.0,0.460687439691,-0.637066948056,0.48832484178,0.460453763817,-0.538529387438,0.497365138572,0.000464370054339,0.999978970486,0.00643353301874,-0.000672755084184,0.00247985292905,0.999939964214,0.00864018732982,-0.00626621570938,0.0770711166774,0.399593987584,0.608812945591,0.0817787027537,0.388099083649,0.679441517465,0.000480343062664,0.999978636767,0.00648002227203,-0.000710345713697,0.000173688073168,0.999967035868,0.00798349413515,-0.00146997628628
11.1,0.460134189378,-0.639425563455,0.486617347521,0.460453763817,-0.538529387438,0.497365138572,0.000464370054339,0.999978970486,0.00643353301874,-0.000672755084184,0.00247985292905,0.999939964214,0.00864018732982,-0.00626621570938,0.0769721431648,0.400964477182,0.606249528634,0.0817787027537,0.388099083649,0.679441517465,0.000480343062664,0.999978636767,0.00648002227203,-0.000710345713697,0.000173688073168,0.999967035868,0.00798349413515,-0.00146997628628
11.2,0.459829490434,-0.641815352082,0.483289083761,0.461737901344,-0.551205495086,0.495790521034,0.000464370054339,0.999978970486,0.00643353301874,-0.000672755084184,0.00248088489579,0.999932985897,0.00914779252431,-0.00664731646791,0.0777360660945,0.404329606414,0.602921503293,0.0797074767027,0.388591048737,0.669240102024,0.000480343062664,0.999978636767,0.00648002227203,-0.000710345713697,1.0659650221e-05,0.999978167758,0.00645762379328,-0.00140106719485
11.3,0.469296615373,-0.627256679178,0.473151406569,0.462226064355,-0.592665802833,0.491834872439,0.000464370054339,0.999978970486,0.00643353301874,-0.000672755084184,0.00158319826014,0.999971777714,0.00478185049097,-0.00557415139746,0.0824868841087,0.412092038513,0.593778210389,0.0762100310312,0.390742708611,0.641671506518,0.000480343062664,0.999978636767,0.00648002227203,-0.000710345713697,3.72858749275e-05,-0.999997226111,-0.00202252845607,0.00120654840717
11.4,0.461992785794,-0.604905303784,0.490568847647,0.462226064355,-0.592665802833,0.491834872439,0.000464370054339,0.999978970486,0.00643353301874,-0.000672755084184,0.00158319826014,0.999971777714,0.00478185049097,-0.00557415139746,0.0756872869591,0.391705176279,0.632566054729,0.0762100310312,0.390742708611,0.641671506518,0.000480343062664,0.999978636767,0.00648002227203,-0.000710345713697,3.72858749275e-05,-0.999997226111,-0.00202252845607,0.00120654840717
11.5,0.46189806692,-0.612659038639,0.489671853551,0.462001489793,-0.606522179792,0.490369069842,0.000464370054339,0.999978970486,0.00643353301874,-0.000672755084184,0.00131707521257,0.999988069016,-0.00129022120489,-0.00452354603106,0.075451218168,0.392456253193,0.626059825725,0.0756316731778,0.391848767109,0.63113177139,0.000480343062664,0.999978636767,0.00648002227203,-0.000710345713697,0.000125202702628,0.999998041655,-0.0015632627157,-0.00120715413195
11.6,0.46189806692,-0.612659038639,0.489671853551,0.461668221056,-0.61577503066,0.489407845885,0.000464370054339,0.999978970486,0.00643353301874,-0.000672755084184,0.00101520017336,0.999988430403,0.00305785491644,-0.00357182751794,0.075451218168,0.392456253193,0.626059825725,0.0754174581374,0.392721266888,0.62401703847,0.000480343062664,0.999978636767,0.00648002227203,-0.000710345713697,0.000300939222545,0.999999043251,-0.00073795993343,-0.00113064068405
11.7,0.461458327054,-0.619449119124,0.489048010673,0.461270208908,-0.620082461228,0.489070128898,0.000464370054339,0.999978970486,0.00643353301874,-0.000672755084184,0.000881298942527,0.999987666317,0.00374551611871,-0.0031403240111,0.0753870045837,0.3930589024,0.621340654231,0.0753745158268,0.393073622694,0.621404370582,0.000480343062664,0.999978636767,0.00648002227203,-0.000710345713697,0.000387348265121,0.999998922245,0.000940304826881,-0.00105891307625
11.8,0.461636161331,-0.618760166542,0.489043707813,0.46163423722,-0.618782416298,0.489038884356,0.000464370054339,0.999978970486,0.00643353301874,-0.000672755084184,0.00102195199277,0.999993760671,0.0010515891869,-0.0032137818697,0.0753682187665,0.393056804346,0.621358900198,0.0753519428905,0.39305299455,0.621363744906,0.000480343062664,0.999978636767,0.00648002227203,-0.000710345713697,0.000393843448124,0.999993619333,0.00339481572377,-0.00103990714479
11.9,0.46150493633,-0.619260146319,0.48905069742,0.461548376924,-0.619090183117,0.489050011772,0.000464370054339,0.999978970486,0.00643353301874,-0.000672755084184,0.000962747981471,0.999978234419,0.00569607919793,-0.00318723790453,0.0753682187665,0.393056804346,0.621358900198,0.0753749201546,0.393055894698,0.621353090915,0.000480343062664,0.999978636767,0.00648002227203,-0.000710345713697,0.000384238934597,0.999980844231,0.00608220610756,-0.00108180433623
12.0,0.46150493633,-0.619260146319,0.48905069742,0.461538767391,-0.619133958349,0.4890468056,0.000464370054339,0.999978970486,0.00643353301874,-0.000672755084184,0.000960658463025,0.999935068396,0.0108943303657,-0.00320151415716,0.0753656616847,0.39305635604,0.621359925329,0.0753741360727,0.393055151499,0.621352807971,0.000480343062664,0.999978636767,0.00648002227203,-0.000710345713697,0.00038123025249,0.999957731702,0.00912186820552,-0.00108673556902
12.1,0.461577438627,-0.618986147831,0.489044790782,0.461576966199,-0.618987380908,0.489045364187,0.000464370054339,0.999978970486,0.00643353301874,-0.000672755084184,0.000955010980659,0.999901090884,0.0136601948175,-0.00320865705904,0.0753716424241,0.393055608426,0.621354956896,0.0753730188773,0.393055383014,0.621353763305,0.000480343062664,0.999978636767,0.00648002227203,-0.000710345713697,0.000378990555763,0.999929926079,0.0117823910262,-0.00108377077556
12.2,0.461546899344,-0.619100143587,0.489048117246,0.461543789535,-0.619112198852,0.48904790795,0.000464370054339,0.999978970486,0.00643353301874,-0.000672755084184,0.000947649834069,0.999901258031,0.013650140582,-0.00320153238722,0.0753728869483,0.393056161951,0.621354486423,0.0753704616428,0.393056105158,0.621356232684,0.000480343062664,0.999978636767,0.00648002227203,-0.000710345713697,0.000378610791999,0.999913984344,0.0130662409925,-0.00107420405928
12.3,0.461554512227,-0.619073358126,0.48904705348,0.461557102588,-0.619062464223,0.489046619095,0.000464370054339,0.999978970486,0.00643353301874,-0.000672755084184,0.000951292972611,0.99990049534,0.0137048205128,-0.00320505157841,0.0753702242715,0.393055776261,0.621356062959,0.0753696817294,0.39305591424,0.621356564358,0.000480343062664,0.999978636767,0.00648002227203,-0.000710345713697,0.000379064850035,0.999913839348,0.0130774141454,-0.0010730465689
12.4,0.461554005601,-0.619075006264,0.489047447237,0.461552433764,-0.619079445258,0.489047155338,0.000464370054339,0.999978970486,0.00643353301874,-0.000672755084184,0.000949701364943,0.999900747353,0.0136868703926,-0.0032036056405,0.0753706511428,0.39305574841,0.621355737354,0.0753710047117,0.393055698462,0.621355433626,0.000480343062664,0.999978636767,0.00648002227203,-0.000710345713697,0.000378489371398,0.99991384131,0.0130769089549,-0.00107756903957
12.5,0.461553290602,-0.619076539253,0.489047020273,0.461554159616,-0.619073922673,0.489047267113,0.000464370054339,0.999978970486,0.00643353301874,-0.000672755084184,0.000950841506479,0.999900663296,0.0136928702828,-0.00320386394401,0.0753708585373,0.39305573938,0.621355585172,0.0753705256581,0.393055792122,0.621355862684,0.000480343062664,0.999978636767,0.00648002227203,-0.000710345713697,0.000378680869708,0.999913835006,0.0130775281788,-0.00107583552853
12.6,0.461553581719,-0.619075618581,0.489047179906,0.461553581719,-0.619075618581,0.489047179906,0.000464370054339,0.999978970486,0.00643353301874,-0.000672755084184,0.000950197814808,0.99990068578,0.0136912857585,-0.00320380948332,0.0753705591181,0.393055780189,0.621355830539,0.0753705591181,0.393055780189,0.621355830539,0.000480343062664,0.999978636767,0.00648002227203,-0.000710345713697,0.000378675603687,0.99991383663,0.0130773969651,-0.00107592257514
12.7,0.461554067648,-0.619073602635,0.489046861185,0.461554067648,-0.619073602635,0.489046861185,0.000464370054339,0.999978970486,0.00643353301874,-0.000672755084184,0.000950054130121,0.999900662451,0.0136928886546,-0.00320428264585,0.075370488032,0.393055791733,0.621355885516,0.075370488032,0.393055791733,0.621355885516,0.000480343062664,0.999978636767,0.00648002227203,-0.000710345713697,0.000378720699079,0.999913835649,0.0130774838993,-0.00107576137429
12.8,0.461553868597,-0.619074268144,0.489047108124,0.461554067648,-0.619073602635,0.489046861185,0.000464370054339,0.999978970486,0.00643353301874,-0.000672755084184,0.000950054130121,0.999900662451,0.0136928886546,-0.00320428264585,0.0753705536357,0.393055779273,0.621355832085,0.075370488032,0.393055791733,0.621355885516,0.000480343062664,0.999978636767,0.00648002227203,-0.000710345713697,0.000378720699079,0.999913835649,0.0130774838993,-0.00107576137429
12.9,0.461554215131,-0.619074452827,0.489047348227,0.461553962396,-0.619074470147,0.489047247203,0.000464370054339,0.999978970486,0.00643353301874,-0.000672755084184,0.000950457893581,0.999900667467,0.0136926321725,-0.00320369351553,0.0753705783587,0.393055784424,0.621355824658,0.0753705678034,0.393055780494,0.621355822456,0.000480343062664,0.999978636767,0.00648002227203,-0.000710345713697,0.000378667860346,0.999913835948,0.0130774479447,-0.00107593976464
13.0,0.461553930287,-0.61907403462,0.489047017549,0.461553880389,-0.619074156255,0.489047002747,0.000464370054339,0.999978970486,0.00643353301874,-0.000672755084184,0.000950231097222,0.99990066792,0.01369253199,-0.00320404785211,0.0753705737425,0.393055778244,0.621355814712,0.0753705617298,0.393055781053,0.621355827217,0.000480343062664,0.999978636767,0.00648002227203,-0.000710345713697,0.000378660657611,0.999913838337,0.0130772646914,-0.0010759491194
