1.000000000000000056e-01,0.000000000000000000e+00,0.000000000000000000e+00,0.000000000000000000e+00,0.000000000000000000e+00,1.944192358949738131e-01,1.928494308076442176e-01,4.980291213053404942e-01,0.000000000000000000e+00,0.000000000000000000e+00,0.000000000000000000e+00,1.619889083209641312e-01,-9.401364138883691046e-01,5.007955072425374077e-01
2.000000000000000111e-01,0.000000000000000000e+00,1.445797709556765065e-01,4.999243977849520126e-01,8.427633880239929764e-01,1.944192358949738131e-01,1.928494308076442176e-01,4.980291213053404942e-01,1.445093963126168612e-01,-5.001153807470239965e-01,8.428406256383054185e-01,1.619889083209641312e-01,-9.401364138883691046e-01,5.007955072425374077e-01
3.000000000000000444e-01,0.000000000000000000e+00,1.445798019410565460e-01,4.999243915183837483e-01,8.427633746392431124e-01,1.944192358949738131e-01,1.928494308076442176e-01,4.980291213053404942e-01,1.445077950774298625e-01,-5.001150531199543003e-01,8.428411567708309349e-01,1.619889083209641312e-01,-9.401364138883691046e-01,5.007955072425374077e-01
4.000000000000000222e-01,0.000000000000000000e+00,1.445798019410565460e-01,4.999243915183837483e-01,8.427633746392431124e-01,1.944192358949738131e-01,1.928494308076442176e-01,4.980291213053404942e-01,1.445077950774298625e-01,-5.001150531199543003e-01,8.428411567708309349e-01,1.619889083209641312e-01,-9.401364138883691046e-01,5.007955072425374077e-01
5.000000000000000000e-01,0.000000000000000000e+00,1.445797065493738542e-01,4.999244233875169141e-01,8.427633462316959090e-01,1.944192358949738131e-01,1.928494308076442176e-01,4.980291213053404942e-01,1.445079024104149457e-01,-5.001153038426604525e-01,8.428413148405115018e-01,1.619889083209641312e-01,-9.401364138883691046e-01,5.007955072425374077e-01
5.999999999999999778e-01,0.000000000000000000e+00,1.445797065493738542e-01,4.999244233875169141e-01,8.427633462316959090e-01,1.944192358949738131e-01,1.928494308076442176e-01,4.980291213053404942e-01,1.445079024104149457e-01,-5.001153038426604525e-01,8.428413148405115018e-01,1.619889083209641312e-01,-9.401364138883691046e-01,5.007955072425374077e-01
6.999999999999999556e-01,0.000000000000000000e+00,1.445796728309947932e-01,4.999243547795924614e-01,8.427634010736897441e-01,1.944192358949738131e-01,1.928494308076442176e-01,4.980291213053404942e-01,1.445083320277824879e-01,-5.001154094985330589e-01,8.428410434114965710e-01,1.619889083209641312e-01,-9.401364138883691046e-01,5.007955072425374077e-01
7.999999999999999334e-01,0.000000000000000000e+00,1.445796141550068914e-01,4.999243557909031077e-01,8.427634267369861210e-01,1.944192358949738131e-01,1.928494308076442176e-01,4.980291213053404942e-01,1.445078930987799548e-01,-5.001152418415705236e-01,8.428413133163846771e-01,1.619889083209641312e-01,-9.401364138883691046e-01,5.007955072425374077e-01
8.999999999999999112e-01,0.000000000000000000e+00,1.445810290741356141e-01,4.999243537668648929e-01,8.427630943878876568e-01,1.944192358949738131e-01,1.928494308076442176e-01,4.980291213053404942e-01,1.445088241268211449e-01,-5.001152690963833747e-01,8.428411350749138720e-01,1.619889083209641312e-01,-9.401364138883691046e-01,5.007955072425374077e-01
9.999999999999998890e-01,0.000000000000000000e+00,1.445810644658164779e-01,4.999243539002544146e-01,8.427630798437952819e-01,1.944192358949738131e-01,1.928494308076442176e-01,4.980291213053404942e-01,1.445083066107384351e-01,-5.001150982316189264e-01,8.428411818416051693e-01,1.619889083209641312e-01,-9.401364138883691046e-01,5.007955072425374077e-01
1.099999999999999867e+00,0.000000000000000000e+00,1.444912954127247906e-01,4.998640247689465910e-01,8.426452383287506009e-01,1.944192358949738131e-01,1.928494308076442176e-01,4.980291213053404942e-01,1.445083066107384351e-01,-5.001150982316189264e-01,8.428411818416051693e-01,1.619889083209641312e-01,-9.401364138883691046e-01,5.007955072425374077e-01
1.199999999999999956e+00,0.000000000000000000e+00,1.439251639856535814e-01,4.998850315594111637e-01,8.425119781801929664e-01,1.944192358949738131e-01,1.928494308076442176e-01,4.980291213053404942e-01,1.439601258886987201e-01,-5.001896235376765976e-01,8.425659450906670678e-01,1.619889083209641312e-01,-9.401364138883691046e-01,5.007955072425374077e-01
1.300000000000000044e+00,0.000000000000000000e+00,1.437769185419545126e-01,4.998514955946741223e-01,8.425716761899819662e-01,1.944192358949738131e-01,1.928494308076442176e-01,4.980291213053404942e-01,1.439889110592936505e-01,-5.002110322913001506e-01,8.425321294424319429e-01,1.619889083209641312e-01,-9.401364138883691046e-01,5.007955072425374077e-01
1.400000000000000133e+00,0.000000000000000000e+00,1.456443217087460273e-01,4.969963716675632748e-01,8.410596354820210063e-01,1.944192358949738131e-01,1.928494308076442176e-01,4.980291213053404942e-01,1.437027336449312187e-01,-5.002144209566302679e-01,8.425150807263775965e-01,1.619889083209641312e-01,-9.401364138883691046e-01,5.007955072425374077e-01
1.500000000000000222e+00,0.000000000000000000e+00,1.514274007486236528e-01,4.887569074341199804e-01,8.364114442558495677e-01,1.944192358949738131e-01,1.928494308076442176e-01,4.980291213053404942e-01,1.437027336449312187e-01,-5.002144209566302679e-01,8.425150807263775965e-01,1.619889083209641312e-01,-9.401364138883691046e-01,5.007955072425374077e-01
1.600000000000000311e+00,0.000000000000000000e+00,1.593292451495860185e-01,4.781522587716691142e-01,8.299033992820038508e-01,1.944192358949738131e-01,1.928494308076442176e-01,4.980291213053404942e-01,1.432664024306491701e-01,-5.002791349759084794e-01,8.423264624374982024e-01,1.619889083209641312e-01,-9.401364138883691046e-01,5.007955072425374077e-01
1.700000000000000400e+00,0.000000000000000000e+00,1.687735498355434904e-01,4.660639298497023519e-01,8.217328453348186068e-01,1.944192358949738131e-01,1.928494308076442176e-01,4.980291213053404942e-01,1.432923348588930057e-01,-5.002705413999435358e-01,8.423254036270541034e-01,1.619889083209641312e-01,-9.401364138883691046e-01,5.007955072425374077e-01
1.800000000000000488e+00,0.000000000000000000e+00,1.858775690670456948e-01,4.455911353903707073e-01,8.053569658806771780e-01,1.944192358949738131e-01,1.928494308076442176e-01,4.980291213053404942e-01,1.432923348588930057e-01,-5.002705413999435358e-01,8.423254036270541034e-01,1.619889083209641312e-01,-9.401364138883691046e-01,5.007955072425374077e-01
1.900000000000000577e+00,0.000000000000000000e+00,1.991792861787989311e-01,4.308760471018850957e-01,7.911057901591723729e-01,1.944192358949738131e-01,1.928494308076442176e-01,4.980291213053404942e-01,1.433838640767737815e-01,-5.002525391549959011e-01,8.423087849181540854e-01,1.619889083209641312e-01,-9.401364138883691046e-01,5.007955072425374077e-01
2.000000000000000444e+00,0.000000000000000000e+00,2.177984195229608066e-01,4.116541068900404499e-01,7.685859574996868337e-01,1.944192358949738131e-01,1.928494308076442176e-01,4.980291213053404942e-01,1.433837734756070181e-01,-5.002386185460274692e-01,8.423275483850456435e-01,1.619889083209641312e-01,-9.401364138883691046e-01,5.007955072425374077e-01
2.100000000000000533e+00,0.000000000000000000e+00,2.344550660542354115e-01,3.967343659454791172e-01,7.459379070722634841e-01,1.944192358949738131e-01,1.928494308076442176e-01,4.980291213053404942e-01,1.434006729934512170e-01,-5.002313622262365422e-01,8.423382337463108938e-01,1.619889083209641312e-01,-9.401364138883691046e-01,5.007955072425374077e-01
2.200000000000000622e+00,0.000000000000000000e+00,2.478883619151802109e-01,3.862662316785984151e-01,7.256992757172328057e-01,1.944192358949738131e-01,1.928494308076442176e-01,4.980291213053404942e-01,1.434432817509053437e-01,-5.002254310337014287e-01,8.423344513059249916e-01,1.619889083209641312e-01,-9.401364138883691046e-01,5.007955072425374077e-01
2.300000000000000711e+00,0.000000000000000000e+00,2.603131180665596012e-01,3.779915241521065172e-01,7.051205373663197440e-01,1.944192358949738131e-01,1.928494308076442176e-01,4.980291213053404942e-01,1.434633187774220497e-01,-5.002153350231395290e-01,8.423397137757547837e-01,1.619889083209641312e-01,-9.401364138883691046e-01,5.007955072425374077e-01
2.400000000000000799e+00,0.000000000000000000e+00,2.666905360263248648e-01,3.739850251364579270e-01,6.935473934868588985e-01,1.944192358949738131e-01,1.928494308076442176e-01,4.980291213053404942e-01,1.434984219495294977e-01,-5.002103290223967047e-01,8.423323728414511269e-01,1.619889083209641312e-01,-9.401364138883691046e-01,5.007955072425374077e-01
2.500000000000000888e+00,0.000000000000000000e+00,2.709684221894428924e-01,3.716838020796464637e-01,6.855106637607915054e-01,1.944192358949738131e-01,1.928494308076442176e-01,4.980291213053404942e-01,1.435169508268322736e-01,-5.002040015122167782e-01,8.423288463574915008e-01,1.619889083209641312e-01,-9.401364138883691046e-01,5.007955072425374077e-01
2.600000000000000977e+00,0.000000000000000000e+00,2.746992603399746047e-01,3.698653189181468903e-01,6.782532337408362366e-01,1.944192358949738131e-01,1.928494308076442176e-01,4.980291213053404942e-01,1.435164723801137798e-01,-5.002000804941915124e-01,8.423340867662747478e-01,1.619889083209641312e-01,-9.401364138883691046e-01,5.007955072425374077e-01
2.700000000000001066e+00,0.000000000000000000e+00,2.758536291950809960e-01,3.693091130296178859e-01,6.759603077005594818e-01,1.944192358949738131e-01,1.928494308076442176e-01,4.980291213053404942e-01,1.435211644457283775e-01,-5.001994016943711596e-01,8.423333772153982490e-01,1.619889083209641312e-01,-9.401364138883691046e-01,5.007955072425374077e-01
2.800000000000001155e+00,0.000000000000000000e+00,2.758209595467518982e-01,3.692475548450466216e-01,6.759614993014045892e-01,1.944192358949738131e-01,1.928494308076442176e-01,4.980291213053404942e-01,1.435152437496772515e-01,-5.001988723126472580e-01,8.423358134365729333e-01,1.619889083209641312e-01,-9.401364138883691046e-01,5.007955072425374077e-01
2.900000000000001243e+00,0.000000000000000000e+00,2.757240364339897942e-01,3.686719581353532504e-01,6.755493016814131391e-01,1.944192358949738131e-01,1.928494308076442176e-01,4.980291213053404942e-01,1.431657161884245522e-01,-5.019267193170315888e-01,8.418851514264025226e-01,1.619889083209641312e-01,-9.401364138883691046e-01,5.007955072425374077e-01
3.000000000000001332e+00,0.000000000000000000e+00,2.750841978968628920e-01,3.659727425715619265e-01,6.740654978841915668e-01,1.944192358949738131e-01,1.928494308076442176e-01,4.980291213053404942e-01,1.415356910889395969e-01,-5.088701887554168968e-01,8.402802276724697927e-01,1.619889083209641312e-01,-9.401364138883691046e-01,5.007955072425374077e-01
3.100000000000001421e+00,0.000000000000000000e+00,2.739551285503163403e-01,3.610332077818870222e-01,6.714947514620679403e-01,1.944192358949738131e-01,1.928494308076442176e-01,4.980291213053404942e-01,1.384722270823167678e-01,-5.217396752560319317e-01,8.371703025964589706e-01,1.619889083209641312e-01,-9.401364138883691046e-01,5.007955072425374077e-01
3.200000000000001510e+00,0.000000000000000000e+00,2.727876770138302764e-01,3.553147280301476307e-01,6.685299482219473344e-01,1.944192358949738131e-01,1.928494308076442176e-01,4.980291213053404942e-01,1.346439965899382807e-01,-5.374110267479282887e-01,8.329809587019454398e-01,1.619889083209641312e-01,-9.401364138883691046e-01,5.007955072425374077e-01
3.300000000000001599e+00,0.000000000000000000e+00,2.706070411815605370e-01,3.464156412115597661e-01,6.640740438952471569e-01,1.944192358949738131e-01,1.928494308076442176e-01,4.980291213053404942e-01,1.276236980511121777e-01,-5.607034708387205191e-01,8.261086257206115002e-01,1.619889083209641312e-01,-9.401364138883691046e-01,5.007955072425374077e-01
3.400000000000001688e+00,0.000000000000000000e+00,2.678936067914673980e-01,3.361591586499838025e-01,6.585383211370572365e-01,1.944192358949738131e-01,1.928494308076442176e-01,4.980291213053404942e-01,1.177739145785076103e-01,-5.877042534030681997e-01,8.166030643507896647e-01,1.619889083209641312e-01,-9.401364138883691046e-01,5.007955072425374077e-01
3.500000000000001776e+00,0.000000000000000000e+00,2.678936067914673980e-01,3.361591586499838025e-01,6.585383211370572365e-01,1.944192358949738131e-01,1.928494308076442176e-01,4.980291213053404942e-01,1.177739145785076103e-01,-5.877042534030681997e-01,8.166030643507896647e-01,1.619889083209641312e-01,-9.401364138883691046e-01,5.007955072425374077e-01
3.600000000000001865e+00,0.000000000000000000e+00,2.596957397506528542e-01,3.111683771448238156e-01,6.441484866612198212e-01,1.944192358949738131e-01,1.928494308076442176e-01,4.980291213053404942e-01,8.779426776277483857e-02,-6.495802421760609180e-01,7.870907670878498630e-01,1.619889083209641312e-01,-9.401364138883691046e-01,5.007955072425374077e-01
3.700000000000001954e+00,0.000000000000000000e+00,2.596957397506528542e-01,3.111683771448238156e-01,6.441484866612198212e-01,1.944192358949738131e-01,1.928494308076442176e-01,4.980291213053404942e-01,8.779426776277483857e-02,-6.495802421760609180e-01,7.870907670878498630e-01,1.619889083209641312e-01,-9.401364138883691046e-01,5.007955072425374077e-01
3.800000000000002043e+00,0.000000000000000000e+00,2.514946234952311621e-01,2.913758901003892787e-01,6.316038080232159180e-01,1.944192358949738131e-01,1.928494308076442176e-01,4.980291213053404942e-01,5.877280571105505946e-02,-6.937961036027420203e-01,7.566592513714262003e-01,1.619889083209641312e-01,-9.401364138883691046e-01,5.007955072425374077e-01
3.900000000000002132e+00,0.000000000000000000e+00,2.422651384493601789e-01,2.727303217919045397e-01,6.185584214213576404e-01,1.944192358949738131e-01,1.928494308076442176e-01,4.980291213053404942e-01,2.850480487116721640e-02,-7.303611797532233441e-01,7.216156349801999825e-01,1.619889083209641312e-01,-9.401364138883691046e-01,5.007955072425374077e-01
4.000000000000001776e+00,0.000000000000000000e+00,2.370531652459781646e-01,2.634724393731029957e-01,6.115850369257946895e-01,1.944192358949738131e-01,1.928494308076442176e-01,4.980291213053404942e-01,1.295927305975277596e-02,-7.464386332054000484e-01,7.017181803809231511e-01,1.619889083209641312e-01,-9.401364138883691046e-01,5.007955072425374077e-01
4.100000000000001421e+00,0.000000000000000000e+00,2.317407189583024774e-01,2.547448470516064378e-01,6.046048259688771020e-01,1.944192358949738131e-01,1.928494308076442176e-01,4.980291213053404942e-01,-1.693119901938855074e-03,-7.601673654600934471e-01,6.813315681844354099e-01,1.619889083209641312e-01,-9.401364138883691046e-01,5.007955072425374077e-01
4.200000000000001066e+00,0.000000000000000000e+00,2.287188642097837399e-01,2.501579451794334052e-01,6.008654651339268016e-01,1.944192358949738131e-01,1.928494308076442176e-01,4.980291213053404942e-01,-9.383470070000754851e-03,-7.666557911931912717e-01,6.702407393589496776e-01,1.619889083209641312e-01,-9.401364138883691046e-01,5.007955072425374077e-01
4.300000000000000711e+00,0.000000000000000000e+00,2.256205609901971443e-01,2.454852955087891420e-01,5.967336336242478056e-01,1.944192358949738131e-01,1.928494308076442176e-01,4.980291213053404942e-01,-1.502978707059849858e-02,-7.715218641645072983e-01,6.610954529625365783e-01,1.619889083209641312e-01,-9.401364138883691046e-01,5.007955072425374077e-01
4.400000000000000355e+00,0.000000000000000000e+00,2.241744623322649010e-01,2.434678203038103117e-01,5.950312472805486808e-01,1.944192358949738131e-01,1.928494308076442176e-01,4.980291213053404942e-01,-2.030851573581254552e-02,-7.755808771987766637e-01,6.528123532840125476e-01,1.619889083209641312e-01,-9.401364138883691046e-01,5.007955072425374077e-01
4.500000000000000000e+00,0.000000000000000000e+00,2.241744623322649010e-01,2.434678203038103117e-01,5.950312472805486808e-01,1.944192358949738131e-01,1.928494308076442176e-01,4.980291213053404942e-01,-2.185211408153749091e-02,-7.767637582794614248e-01,6.502698824575158243e-01,1.619889083209641312e-01,-9.401364138883691046e-01,5.007955072425374077e-01
4.599999999999999645e+00,0.000000000000000000e+00,2.236207954627653927e-01,2.426216054681089862e-01,5.941897405858729275e-01,1.944192358949738131e-01,1.928494308076442176e-01,4.980291213053404942e-01,-2.167065972823456477e-02,-7.767604201482338766e-01,6.502958641530380834e-01,1.619889083209641312e-01,-9.401364138883691046e-01,5.007955072425374077e-01
4.699999999999999289e+00,0.000000000000000000e+00,2.235177532734120842e-01,2.425674799746907750e-01,5.940988320951813284e-01,1.944192358949738131e-01,1.928494308076442176e-01,4.980291213053404942e-01,-2.161283485620155848e-02,-7.771276615394732135e-01,6.501312982712441624e-01,1.619889083209641312e-01,-9.401364138883691046e-01,5.007955072425374077e-01
4.799999999999998934e+00,0.000000000000000000e+00,2.235177532734120842e-01,2.425674799746907750e-01,5.940988320951813284e-01,1.944192358949738131e-01,1.928494308076442176e-01,4.980291213053404942e-01,-1.659554067124745583e-02,-7.829277528783623596e-01,6.473324641447351091e-01,1.619889083209641312e-01,-9.401364138883691046e-01,5.007955072425374077e-01
4.899999999999998579e+00,0.000000000000000000e+00,2.232481966701913012e-01,2.424589967090932108e-01,5.937943668195710956e-01,1.944192358949738131e-01,1.928494308076442176e-01,4.980291213053404942e-01,-9.810824337033710943e-03,-7.896967940780877937e-01,6.439836135439674925e-01,1.619889083209641312e-01,-9.401364138883691046e-01,5.007955072425374077e-01
4.999999999999998224e+00,0.000000000000000000e+00,2.230131606605736394e-01,2.423668169927781502e-01,5.935419168878687257e-01,1.944192358949738131e-01,1.928494308076442176e-01,4.980291213053404942e-01,-1.649060068005053998e-05,-7.989232341584879826e-01,6.392755416594301243e-01,1.619889083209641312e-01,-9.401364138883691046e-01,5.007955072425374077e-01
5.099999999999997868e+00,0.000000000000000000e+00,2.230074526862956541e-01,2.423671609091736789e-01,5.935557209494829456e-01,1.944192358949738131e-01,1.928494308076442176e-01,4.980291213053404942e-01,1.418860317705629773e-02,-8.117871751466522179e-01,6.320125005467150947e-01,1.619889083209641312e-01,-9.401364138883691046e-01,5.007955072425374077e-01
5.199999999999997513e+00,0.000000000000000000e+00,2.230074526862956541e-01,2.423671609091736789e-01,5.935557209494829456e-01,1.944192358949738131e-01,1.928494308076442176e-01,4.980291213053404942e-01,3.593315894716979375e-02,-8.273225629757300359e-01,6.215637883887060733e-01,1.619889083209641312e-01,-9.401364138883691046e-01,5.007955072425374077e-01
5.299999999999997158e+00,1.000000000000000000e+00,2.230108796061101850e-01,2.423711914710960647e-01,5.935708702497185518e-01,1.944192358949738131e-01,1.928494308076442176e-01,4.980291213053404942e-01,5.014676252727831574e-02,-8.358655396960369410e-01,6.146490616954498609e-01,1.619889083209641312e-01,-9.401364138883691046e-01,5.007955072425374077e-01
5.399999999999996803e+00,1.000000000000000000e+00,2.230017595348202097e-01,2.423625541823087037e-01,5.935737820671262988e-01,4.671820172350875655e-01,8.204071163462276495e-01,6.825813012527192081e-01,6.025473320444102443e-02,-8.426302713491495844e-01,6.089240201141824516e-01,1.887712702761270567e-01,-5.169879926426678152e-01,4.383413217207250967e-01
5.499999999999996447e+00,1.000000000000000000e+00,2.230017595348202097e-01,2.423625541823087037e-01,5.935737820671262988e-01,4.671820172350875655e-01,8.204071163462276495e-01,6.825813012527192081e-01,6.973796677183970172e-02,-8.477197839385174349e-01,6.039487832216935415e-01,1.887712702761270567e-01,-5.169879926426678152e-01,4.383413217207250967e-01
5.599999999999996092e+00,1.000000000000000000e+00,2.230048707370037020e-01,2.423626725671673421e-01,5.935772992805451453e-01,4.671820172350875655e-01,8.204071163462276495e-01,6.825813012527192081e-01,7.603729394439985578e-02,-8.509044183425685803e-01,6.006097682190255638e-01,1.887712702761270567e-01,-5.169879926426678152e-01,4.383413217207250967e-01
5.699999999999995737e+00,1.000000000000000000e+00,2.230037290453049936e-01,2.423611897765791667e-01,5.935757671141905778e-01,4.671820172350875655e-01,8.204071163462276495e-01,6.825813012527192081e-01,7.742626586399402322e-02,-8.516673609205225315e-01,5.998372809384289184e-01,1.887712702761270567e-01,-5.169879926426678152e-01,4.383413217207250967e-01
5.799999999999995381e+00,1.000000000000000000e+00,2.229985999862229007e-01,2.423607107025040897e-01,5.935685103962355935e-01,4.671820172350875655e-01,8.204071163462276495e-01,6.825813012527192081e-01,7.686500645967515866e-02,-8.518188264797615927e-01,5.998239542523705614e-01,1.887712702761270567e-01,-5.169879926426678152e-01,4.383413217207250967e-01
5.899999999999995026e+00,1.000000000000000000e+00,2.229985999862229007e-01,2.423607107025040897e-01,5.935685103962355935e-01,4.671820172350875655e-01,8.204071163462276495e-01,6.825813012527192081e-01,7.806525093439181662e-02,-8.539697063261341148e-01,5.985001619429277664e-01,1.887712702761270567e-01,-5.169879926426678152e-01,4.383413217207250967e-01
5.999999999999994671e+00,1.000000000000000000e+00,2.228361284915843510e-01,2.423038124667284687e-01,5.933457040895352419e-01,4.671820172350875655e-01,8.204071163462276495e-01,6.825813012527192081e-01,8.400240859683505423e-02,-8.612978446180657999e-01,5.936667882429400578e-01,1.887712702761270567e-01,-5.169879926426678152e-01,4.383413217207250967e-01
6.099999999999994316e+00,1.000000000000000000e+00,2.224515062968752677e-01,2.421436840651268463e-01,5.928938415850760757e-01,4.671820172350875655e-01,8.204071163462276495e-01,6.825813012527192081e-01,8.899543241059336418e-02,-8.673577973668447072e-01,5.897611475263505598e-01,1.887712702761270567e-01,-5.169879926426678152e-01,4.383413217207250967e-01
6.199999999999993960e+00,1.000000000000000000e+00,2.224702071794728564e-01,2.421618680562156456e-01,5.928856493488605661e-01,4.671820172350875655e-01,8.204071163462276495e-01,6.825813012527192081e-01,9.700591510693623576e-02,-8.787229421441595800e-01,5.823782436662335860e-01,1.887712702761270567e-01,-5.169879926426678152e-01,4.383413217207250967e-01
6.299999999999993605e+00,1.000000000000000000e+00,2.224159191466653640e-01,2.421156706504057898e-01,5.928822288252120210e-01,4.671820172350875655e-01,8.204071163462276495e-01,6.825813012527192081e-01,1.091518354845657096e-01,-8.878317029144925376e-01,5.751561479699209833e-01,1.887712702761270567e-01,-5.169879926426678152e-01,4.383413217207250967e-01
6.399999999999993250e+00,1.000000000000000000e+00,2.224370379846221379e-01,2.421318164575560206e-01,5.928713143501550542e-01,4.671820172350875655e-01,8.204071163462276495e-01,6.825813012527192081e-01,1.140945472234297375e-01,-8.960796701231897865e-01,5.691871631565925682e-01,1.887712702761270567e-01,-5.169879926426678152e-01,4.383413217207250967e-01
6.499999999999992895e+00,1.000000000000000000e+00,2.224240841396211144e-01,2.421185799206243827e-01,5.928657817735313307e-01,4.671820172350875655e-01,8.204071163462276495e-01,6.825813012527192081e-01,1.185784752799146496e-01,-8.993971019723342453e-01,5.662091317484893027e-01,1.887712702761270567e-01,-5.169879926426678152e-01,4.383413217207250967e-01
6.599999999999992539e+00,1.000000000000000000e+00,2.224227961640181384e-01,2.421169285210965916e-01,5.928638090498489222e-01,4.671820172350875655e-01,8.204071163462276495e-01,6.825813012527192081e-01,1.201795897952351727e-01,-9.012556172469901039e-01,5.647050378950096983e-01,1.887712702761270567e-01,-5.169879926426678152e-01,4.383413217207250967e-01
6.699999999999992184e+00,1.000000000000000000e+00,2.224302888259902522e-01,2.421233462100330913e-01,5.928637858145000550e-01,4.671820172350875655e-01,8.204071163462276495e-01,6.825813012527192081e-01,1.196191656614873922e-01,-9.014238461219598042e-01,5.647409966131042847e-01,1.887712702761270567e-01,-5.169879926426678152e-01,4.383413217207250967e-01
6.799999999999991829e+00,1.000000000000000000e+00,2.224275614617428065e-01,2.421212950837499933e-01,5.928643520543261936e-01,4.671820172350875655e-01,8.204071163462276495e-01,6.825813012527192081e-01,1.198412874592393734e-01,-9.013551673748029236e-01,5.647302350467678922e-01,1.887712702761270567e-01,-5.169879926426678152e-01,4.383413217207250967e-01
6.899999999999991473e+00,1.000000000000000000e+00,2.224289771926759862e-01,2.421220921431249118e-01,5.928639778022416484e-01,4.671820172350875655e-01,8.204071163462276495e-01,6.825813012527192081e-01,1.197630221424614005e-01,-9.013800255306574361e-01,5.647296255827940481e-01,1.887712702761270567e-01,-5.169879926426678152e-01,4.383413217207250967e-01
6.999999999999991118e+00,1.000000000000000000e+00,2.224281967096791157e-01,2.421217733859288845e-01,5.928641176530952128e-01,4.671820172350875655e-01,8.204071163462276495e-01,6.825813012527192081e-01,1.197780938226276348e-01,-9.013748903919552857e-01,5.647293215422698465e-01,1.887712702761270567e-01,-5.169879926426678152e-01,4.383413217207250967e-01
7.099999999999990763e+00,1.000000000000000000e+00,2.224286855249623385e-01,2.421218748190621384e-01,5.928640550316230939e-01,4.671820172350875655e-01,8.204071163462276495e-01,6.825813012527192081e-01,1.197783489129576329e-01,-9.013751767328919140e-01,5.647292100868382958e-01,1.887712702761270567e-01,-5.169879926426678152e-01,4.383413217207250967e-01
7.199999999999990408e+00,1.000000000000000000e+00,2.224282521219759501e-01,2.421218273626598860e-01,5.928641244487540263e-01,4.671820172350875655e-01,8.204071163462276495e-01,6.825813012527192081e-01,1.197750011087700961e-01,-9.013758360408129500e-01,5.647293334139541487e-01,1.887712702761270567e-01,-5.169879926426678152e-01,4.383413217207250967e-01
7.299999999999990052e+00,1.000000000000000000e+00,2.224286740637282100e-01,2.421218548490168543e-01,5.928640482843330339e-01,4.671820172350875655e-01,8.204071163462276495e-01,6.825813012527192081e-01,1.197778074163056428e-01,-9.013752026000420026e-01,5.647291111018551968e-01,1.887712702761270567e-01,-5.169879926426678152e-01,4.383413217207250967e-01
7.399999999999989697e+00,1.000000000000000000e+00,2.224286782018225772e-01,2.421218690701509024e-01,5.928640369921942543e-01,4.671820172350875655e-01,8.204071163462276495e-01,6.825813012527192081e-01,1.197766037728281718e-01,-9.013756163589818904e-01,5.647291319369178719e-01,1.887712702761270567e-01,-5.169879926426678152e-01,4.383413217207250967e-01
7.499999999999989342e+00,1.000000000000000000e+00,2.224286758944068743e-01,2.421218642385216946e-01,5.928640414549447568e-01,4.671820172350875655e-01,8.204071163462276495e-01,6.825813012527192081e-01,1.197766379543024201e-01,-9.013754957753405961e-01,5.647294262479443105e-01,1.887712702761270567e-01,-5.169879926426678152e-01,4.383413217207250967e-01
7.599999999999988987e+00,1.000000000000000000e+00,2.224282575230090153e-01,2.421218274541309945e-01,5.928641419716369487e-01,4.671820172350875655e-01,8.204071163462276495e-01,6.825813012527192081e-01,1.197762773030286859e-01,-9.013754939218809881e-01,5.647293621524369645e-01,1.887712702761270567e-01,-5.169879926426678152e-01,4.383413217207250967e-01
7.699999999999988631e+00,1.000000000000000000e+00,2.224286736673889708e-01,2.421218676575859485e-01,5.928640411393938381e-01,4.671820172350875655e-01,8.204071163462276495e-01,6.825813012527192081e-01,1.197786003571577745e-01,-9.013748766557805325e-01,5.647290597039146265e-01,1.887712702761270567e-01,-5.169879926426678152e-01,4.383413217207250967e-01
7.799999999999988276e+00,1.000000000000000000e+00,2.224282575316249844e-01,2.421218219062697408e-01,5.928641349509290448e-01,4.671820172350875655e-01,8.204071163462276495e-01,6.825813012527192081e-01,1.197759258361663082e-01,-9.013756639833887530e-01,5.647293883741789644e-01,1.887712702761270567e-01,-5.169879926426678152e-01,4.383413217207250967e-01
7.899999999999987921e+00,1.000000000000000000e+00,2.224282590298419793e-01,2.421218386327747274e-01,5.928641366365723364e-01,4.671820172350875655e-01,8.204071163462276495e-01,6.825813012527192081e-01,1.197766874571082885e-01,-9.013754204503784395e-01,5.647293466997800326e-01,1.887712702761270567e-01,-5.169879926426678152e-01,4.383413217207250967e-01
7.999999999999987566e+00,1.000000000000000000e+00,2.224286839124717807e-01,2.421218745793585203e-01,5.928640444740305160e-01,4.671820172350875655e-01,8.204071163462276495e-01,6.825813012527192081e-01,1.197767805989789353e-01,-9.013755490028776407e-01,5.647291192925061321e-01,1.887712702761270567e-01,-5.169879926426678152e-01,4.383413217207250967e-01
8.099999999999987210e+00,1.000000000000000000e+00,2.224286817283853135e-01,2.421218659057942924e-01,5.928640459826806097e-01,4.671820172350875655e-01,8.204071163462276495e-01,6.825813012527192081e-01,1.197768401141797168e-01,-9.013756636210960016e-01,5.647291209896129205e-01,1.887712702761270567e-01,-5.169879926426678152e-01,4.383413217207250967e-01
8.199999999999986855e+00,1.000000000000000000e+00,2.224282575429922526e-01,2.421218322519135824e-01,5.928641382305315233e-01,4.671820172350875655e-01,8.204071163462276495e-01,6.825813012527192081e-01,1.197765747029130301e-01,-9.013756448629002271e-01,5.647294212993969609e-01,1.887712702761270567e-01,-5.169879926426678152e-01,4.383413217207250967e-01
8.299999999999986500e+00,1.000000000000000000e+00,2.224286787380449770e-01,2.421218618349766372e-01,5.928640447179414075e-01,4.671820172350875655e-01,8.204071163462276495e-01,6.825813012527192081e-01,1.197768719360867706e-01,-9.013755004855918962e-01,5.647291033413743833e-01,1.887712702761270567e-01,-5.169879926426678152e-01,4.383413217207250967e-01
8.399999999999986144e+00,1.000000000000000000e+00,2.224282575160489162e-01,2.421218303074694489e-01,5.928641383776300788e-01,4.671820172350875655e-01,8.204071163462276495e-01,6.825813012527192081e-01,1.197764497776052511e-01,-9.013754269190897839e-01,5.647293928664059992e-01,1.887712702761270567e-01,-5.169879926426678152e-01,4.383413217207250967e-01
8.499999999999985789e+00,1.000000000000000000e+00,2.224282549440479428e-01,2.421218262624559026e-01,5.928641264199302485e-01,4.671820172350875655e-01,8.204071163462276495e-01,6.825813012527192081e-01,1.197768838625735965e-01,-9.013755125694677961e-01,5.647291171066656235e-01,1.887712702761270567e-01,-5.169879926426678152e-01,4.383413217207250967e-01
8.599999999999985434e+00,1.000000000000000000e+00,2.224282611168186541e-01,2.421218333765185193e-01,5.928641342866709518e-01,4.671820172350875655e-01,8.204071163462276495e-01,6.825813012527192081e-01,1.197764205174619984e-01,-9.013754207802193719e-01,5.647292998293190758e-01,1.887712702761270567e-01,-5.169879926426678152e-01,4.383413217207250967e-01
8.699999999999985079e+00,1.000000000000000000e+00,2.224286735735248599e-01,2.421218663425112050e-01,5.928640479485266512e-01,4.671820172350875655e-01,8.204071163462276495e-01,6.825813012527192081e-01,1.197768592725758641e-01,-9.013755915510049954e-01,5.647290869764201027e-01,1.887712702761270567e-01,-5.169879926426678152e-01,4.383413217207250967e-01
8.799999999999984723e+00,1.000000000000000000e+00,2.224282597734353606e-01,2.421218347838403895e-01,5.928641384725873431e-01,4.671820172350875655e-01,8.204071163462276495e-01,6.825813012527192081e-01,1.197764855150499352e-01,-9.013756298687136681e-01,5.647294116318120061e-01,1.887712702761270567e-01,-5.169879926426678152e-01,4.383413217207250967e-01
8.899999999999984368e+00,1.000000000000000000e+00,2.224286721905514574e-01,2.421218616937625412e-01,5.928640378997905858e-01,4.671820172350875655e-01,8.204071163462276495e-01,6.825813012527192081e-01,1.197768687884435829e-01,-9.013755524415062448e-01,5.647291008537357326e-01,1.887712702761270567e-01,-5.169879926426678152e-01,4.383413217207250967e-01
8.999999999999984013e+00,1.000000000000000000e+00,2.224282645869322672e-01,2.421218376108902892e-01,5.928641324568458826e-01,4.671820172350875655e-01,8.204071163462276495e-01,6.825813012527192081e-01,1.197764233216617180e-01,-9.013754672676267399e-01,5.647293747004941133e-01,1.887712702761270567e-01,-5.169879926426678152e-01,4.383413217207250967e-01
9.099999999999983658e+00,1.000000000000000000e+00,2.224286778744650195e-01,2.421218674942444415e-01,5.928640419854834809e-01,4.671820172350875655e-01,8.204071163462276495e-01,6.825813012527192081e-01,1.197769211106830961e-01,-9.013755383183091885e-01,5.647291470363420274e-01,1.887712702761270567e-01,-5.169879926426678152e-01,4.383413217207250967e-01
9.199999999999983302e+00,1.000000000000000000e+00,2.224286714052206571e-01,2.421218597185589849e-01,5.928640417637773830e-01,4.671820172350875655e-01,8.204071163462276495e-01,6.825813012527192081e-01,1.197768622283400114e-01,-9.013755904906906036e-01,5.647290849007284841e-01,1.887712702761270567e-01,-5.169879926426678152e-01,4.383413217207250967e-01
9.299999999999982947e+00,1.000000000000000000e+00,2.224286760851736655e-01,2.421218680993968142e-01,5.928640418872260787e-01,4.671820172350875655e-01,8.204071163462276495e-01,6.825813012527192081e-01,1.197768689248659840e-01,-9.013755549325112026e-01,5.647290805761634447e-01,1.887712702761270567e-01,-5.169879926426678152e-01,4.383413217207250967e-01
9.399999999999982592e+00,1.000000000000000000e+00,2.224282579203188948e-01,2.421218313523127996e-01,5.928641413327211396e-01,4.671820172350875655e-01,8.204071163462276495e-01,6.825813012527192081e-01,1.197764308140631950e-01,-9.013755944425655420e-01,5.647293674229939553e-01,1.887712702761270567e-01,-5.169879926426678152e-01,4.383413217207250967e-01
9.499999999999982236e+00,1.000000000000000000e+00,2.224286821262004277e-01,2.421218688861055679e-01,5.928640439345049806e-01,4.671820172350875655e-01,8.204071163462276495e-01,6.825813012527192081e-01,1.197768522159791404e-01,-9.013755984773089702e-01,5.647290742400432606e-01,1.887712702761270567e-01,-5.169879926426678152e-01,4.383413217207250967e-01
9.599999999999981881e+00,1.000000000000000000e+00,2.224282593478042747e-01,2.421218329405762093e-01,5.928641256640233559e-01,4.671820172350875655e-01,8.204071163462276495e-01,6.825813012527192081e-01,1.197764282094060800e-01,-9.013754774051287999e-01,5.647293800322930046e-01,1.887712702761270567e-01,-5.169879926426678152e-01,4.383413217207250967e-01
9.699999999999981526e+00,1.000000000000000000e+00,2.224286849637659991e-01,2.421218739841188849e-01,5.928640419527646532e-01,4.671820172350875655e-01,8.204071163462276495e-01,6.825813012527192081e-01,1.197768806428090443e-01,-9.013755404006925653e-01,5.647291416495870964e-01,1.887712702761270567e-01,-5.169879926426678152e-01,4.383413217207250967e-01
9.799999999999981171e+00,1.000000000000000000e+00,2.224282575796534545e-01,2.421218279422456543e-01,5.928641393209651556e-01,4.671820172350875655e-01,8.204071163462276495e-01,6.825813012527192081e-01,1.197765827431113705e-01,-9.013755560250272802e-01,5.647294337818732357e-01,1.887712702761270567e-01,-5.169879926426678152e-01,4.383413217207250967e-01
9.899999999999980815e+00,1.000000000000000000e+00,2.224286783077468466e-01,2.421218702737457651e-01,5.928640459028249321e-01,4.671820172350875655e-01,8.204071163462276495e-01,6.825813012527192081e-01,1.197767680896294623e-01,-9.013754001504225011e-01,5.647290291416349195e-01,1.887712702761270567e-01,-5.169879926426678152e-01,4.383413217207250967e-01
9.999999999999980460e+00,1.000000000000000000e+00,2.224282609243605768e-01,2.421218343743968826e-01,5.928641311840920913e-01,4.671820172350875655e-01,8.204071163462276495e-01,6.825813012527192081e-01,1.197764342178096880e-01,-9.013754567940804874e-01,5.647293371462158706e-01,1.887712702761270567e-01,-5.169879926426678152e-01,4.383413217207250967e-01
1.009999999999998010e+01,1.000000000000000000e+00,2.224286862708783064e-01,2.421218755916164367e-01,5.928640497931219056e-01,4.671820172350875655e-01,8.204071163462276495e-01,6.825813012527192081e-01,1.197769701407876280e-01,-9.013757540243340083e-01,5.647291604041744240e-01,1.887712702761270567e-01,-5.169879926426678152e-01,4.383413217207250967e-01
1.019999999999997975e+01,1.000000000000000000e+00,2.224282579335535304e-01,2.421218352147339326e-01,5.928641293338497986e-01,4.671820172350875655e-01,8.204071163462276495e-01,6.825813012527192081e-01,1.197764277614772610e-01,-9.013755211635219311e-01,5.647293617089624851e-01,1.887712702761270567e-01,-5.169879926426678152e-01,4.383413217207250967e-01
1.029999999999997939e+01,1.000000000000000000e+00,2.224286810252272817e-01,2.421218695641135787e-01,5.928640465243464330e-01,4.671820172350875655e-01,8.204071163462276495e-01,6.825813012527192081e-01,1.197768691296383220e-01,-9.013755534566172400e-01,5.647291267534612080e-01,1.887712702761270567e-01,-5.169879926426678152e-01,4.383413217207250967e-01
1.039999999999997904e+01,1.000000000000000000e+00,2.224282600506412300e-01,2.421218348996795888e-01,5.928641344826336423e-01,4.671820172350875655e-01,8.204071163462276495e-01,6.825813012527192081e-01,1.197765125164454436e-01,-9.013755154764989674e-01,5.647294206666300109e-01,1.887712702761270567e-01,-5.169879926426678152e-01,4.383413217207250967e-01
1.049999999999997868e+01,1.000000000000000000e+00,2.224286734476083882e-01,2.421218660649405996e-01,5.928640438727055262e-01,4.671820172350875655e-01,8.204071163462276495e-01,6.825813012527192081e-01,1.197764013416435652e-01,-9.013755339269567957e-01,5.647293335745291465e-01,1.887712702761270567e-01,-5.169879926426678152e-01,4.383413217207250967e-01
1.059999999999997833e+01,1.000000000000000000e+00,2.224286773634352454e-01,2.421218715754082096e-01,5.928640428890116221e-01,4.671820172350875655e-01,8.204071163462276495e-01,6.825813012527192081e-01,1.197768719989891623e-01,-9.013755913051426649e-01,5.647291370760432194e-01,1.887712702761270567e-01,-5.169879926426678152e-01,4.383413217207250967e-01
1.069999999999997797e+01,1.000000000000000000e+00,2.224290088659384990e-01,2.421297965118039686e-01,5.928782956897233891e-01,4.671820172350875655e-01,8.204071163462276495e-01,6.825813012527192081e-01,1.197848750937384882e-01,-9.013481892694251707e-01,5.647264932339406407e-01,1.887712702761270567e-01,-5.169879926426678152e-01,4.383413217207250967e-01
1.079999999999997762e+01,1.000000000000000000e+00,2.247369021352736973e-01,2.450559025047492900e-01,5.961048085321130063e-01,4.671820172350875655e-01,8.204071163462276495e-01,6.825813012527192081e-01,1.225654646790193536e-01,-8.965491014516983048e-01,5.653393630015091098e-01,1.887712702761270567e-01,-5.169879926426678152e-01,4.383413217207250967e-01
1.089999999999997726e+01,1.000000000000000000e+00,2.287808819775530855e-01,2.499680802255576095e-01,6.009097389701323344e-01,4.671820172350875655e-01,8.204071163462276495e-01,6.825813012527192081e-01,1.276752088022327369e-01,-8.891678612021642891e-01,5.665496418458175754e-01,1.887712702761270567e-01,-5.169879926426678152e-01,4.383413217207250967e-01
1.099999999999997691e+01,1.000000000000000000e+00,2.382328949651635885e-01,2.621976939236757009e-01,6.131525506348611820e-01,4.671820172350875655e-01,8.204071163462276495e-01,6.825813012527192081e-01,1.386240685628209457e-01,-8.709843837748046935e-01,5.703219050889742903e-01,1.887712702761270567e-01,-5.169879926426678152e-01,4.383413217207250967e-01
1.109999999999997655e+01,1.000000000000000000e+00,2.487360659391608386e-01,2.770146018559063172e-01,6.256363379654494850e-01,4.671820172350875655e-01,8.204071163462276495e-01,6.825813012527192081e-01,1.386240685628209457e-01,-8.709843837748046935e-01,5.703219050889742903e-01,1.887712702761270567e-01,-5.169879926426678152e-01,4.383413217207250967e-01
1.119999999999997620e+01,1.000000000000000000e+00,2.581228187163190357e-01,2.919233052091588787e-01,6.370863798422984337e-01,4.671820172350875655e-01,8.204071163462276495e-01,6.825813012527192081e-01,1.588343292272524632e-01,-8.318020119965647829e-01,5.771245202782269157e-01,1.887712702761270567e-01,-5.169879926426678152e-01,4.383413217207250967e-01
1.129999999999997584e+01,1.000000000000000000e+00,2.712159567673488314e-01,3.156673145193938934e-01,6.528961043863984459e-01,4.671820172350875655e-01,8.204071163462276495e-01,6.825813012527192081e-01,1.698971842740382987e-01,-8.034646627266350816e-01,5.808890842570622048e-01,1.887712702761270567e-01,-5.169879926426678152e-01,4.383413217207250967e-01
1.139999999999997549e+01,1.000000000000000000e+00,2.821534859668525796e-01,3.390098683491053477e-01,6.662335204751246298e-01,4.671820172350875655e-01,8.204071163462276495e-01,6.825813012527192081e-01,1.777103952463383318e-01,-7.777145779264662551e-01,5.833656651108819480e-01,1.887712702761270567e-01,-5.169879926426678152e-01,4.383413217207250967e-01
1.149999999999997513e+01,1.000000000000000000e+00,2.957031404132635100e-01,3.745688091131266217e-01,6.832895523803620419e-01,4.671820172350875655e-01,8.204071163462276495e-01,6.825813012527192081e-01,1.854814196753330480e-01,-7.417400592359491007e-01,5.852044640606648418e-01,1.887712702761270567e-01,-5.169879926426678152e-01,4.383413217207250967e-01
1.159999999999997478e+01,1.000000000000000000e+00,3.098906048809251801e-01,4.274249022483788685e-01,7.030520323892450740e-01,4.671820172350875655e-01,8.204071163462276495e-01,6.825813012527192081e-01,1.906310085291488543e-01,-6.941755144240192577e-01,5.842708235350981827e-01,1.887712702761270567e-01,-5.169879926426678152e-01,4.383413217207250967e-01
1.169999999999997442e+01,1.000000000000000000e+00,3.177286744937805052e-01,4.793841812917695733e-01,7.174181006274074068e-01,4.671820172350875655e-01,8.204071163462276495e-01,6.825813012527192081e-01,1.907277275409888784e-01,-6.531690437845211195e-01,5.798024424035318480e-01,1.887712702761270567e-01,-5.169879926426678152e-01,4.383413217207250967e-01
1.179999999999997407e+01,1.000000000000000000e+00,3.197007397261947825e-01,5.396364903654667922e-01,7.295617969767514976e-01,4.671820172350875655e-01,8.204071163462276495e-01,6.825813012527192081e-01,1.875313429652115116e-01,-6.172991822460912603e-01,5.724855873628725833e-01,1.887712702761270567e-01,-5.169879926426678152e-01,4.383413217207250967e-01
1.189999999999997371e+01,1.000000000000000000e+00,3.197007397261947825e-01,5.396364903654667922e-01,7.295617969767514976e-01,4.671820172350875655e-01,8.204071163462276495e-01,6.825813012527192081e-01,1.875313429652115116e-01,-6.172991822460912603e-01,5.724855873628725833e-01,1.887712702761270567e-01,-5.169879926426678152e-01,4.383413217207250967e-01
1.199999999999997335e+01,1.000000000000000000e+00,3.171126064451044724e-01,5.772220674947845520e-01,7.350438809692046993e-01,4.671820172350875655e-01,8.204071163462276495e-01,6.825813012527192081e-01,1.814243491715183121e-01,-5.816508393820278844e-01,5.611230212924681604e-01,1.887712702761270567e-01,-5.169879926426678152e-01,4.383413217207250967e-01
1.209999999999997300e+01,1.000000000000000000e+00,3.019172872553951281e-01,6.563196443668707358e-01,7.418892892858588439e-01,4.671820172350875655e-01,8.204071163462276495e-01,6.825813012527192081e-01,1.713126127882384220e-01,-5.429510621171770302e-01,5.424884671679442993e-01,1.887712702761270567e-01,-5.169879926426678152e-01,4.383413217207250967e-01
1.219999999999997264e+01,1.000000000000000000e+00,3.019172872553951281e-01,6.563196443668707358e-01,7.418892892858588439e-01,4.671820172350875655e-01,8.204071163462276495e-01,6.825813012527192081e-01,1.713126127882384220e-01,-5.429510621171770302e-01,5.424884671679442993e-01,1.887712702761270567e-01,-5.169879926426678152e-01,4.383413217207250967e-01
1.229999999999997229e+01,1.000000000000000000e+00,2.903251417834062376e-01,6.921090607159172681e-01,7.431711061735701840e-01,4.671820172350875655e-01,8.204071163462276495e-01,6.825813012527192081e-01,1.654153978475644549e-01,-5.253875267883657552e-01,5.309882623092266885e-01,1.887712702761270567e-01,-5.169879926426678152e-01,4.383413217207250967e-01
1.239999999999997193e+01,1.000000000000000000e+00,2.753221090369549207e-01,7.277661154778223285e-01,7.435439284547010752e-01,4.671820172350875655e-01,8.204071163462276495e-01,6.825813012527192081e-01,1.592423077475953741e-01,-5.093605119143899129e-01,5.181550212845025261e-01,1.887712702761270567e-01,-5.169879926426678152e-01,4.383413217207250967e-01
1.249999999999997158e+01,1.000000000000000000e+00,2.690334118038483768e-01,7.408817997398461364e-01,7.433331643338491057e-01,4.671820172350875655e-01,8.204071163462276495e-01,6.825813012527192081e-01,1.568889011896050512e-01,-5.037741822654202561e-01,5.130018592844383107e-01,1.887712702761270567e-01,-5.169879926426678152e-01,4.383413217207250967e-01
1.259999999999997122e+01,1.000000000000000000e+00,2.665226097219913770e-01,7.458393667295748486e-01,7.431364638064164030e-01,4.671820172350875655e-01,8.204071163462276495e-01,6.825813012527192081e-01,1.568889011896050512e-01,-5.037741822654202561e-01,5.130018592844383107e-01,1.887712702761270567e-01,-5.169879926426678152e-01,4.383413217207250967e-01
1.269999999999997087e+01,1.000000000000000000e+00,2.663509136863248528e-01,7.463224344986789660e-01,7.431146603946358065e-01,4.671820172350875655e-01,8.204071163462276495e-01,6.825813012527192081e-01,1.559179183158366788e-01,-5.015402796808492436e-01,5.109026978279305187e-01,1.887712702761270567e-01,-5.169879926426678152e-01,4.383413217207250967e-01
1.279999999999997051e+01,1.000000000000000000e+00,2.664569869388922485e-01,7.461928445056315029e-01,7.431280119902329284e-01,4.671820172350875655e-01,8.204071163462276495e-01,6.825813012527192081e-01,1.559129481690348096e-01,-5.015462632312818192e-01,5.109063371248934171e-01,1.887712702761270567e-01,-5.169879926426678152e-01,4.383413217207250967e-01
1.289999999999997016e+01,1.000000000000000000e+00,2.655771413718807095e-01,7.456644144612577518e-01,7.423586421602137442e-01,4.671820172350875655e-01,8.204071163462276495e-01,6.825813012527192081e-01,1.556664688378149031e-01,-5.017883231072770567e-01,5.109963862379218735e-01,1.887712702761270567e-01,-5.169879926426678152e-01,4.383413217207250967e-01
1.299999999999996980e+01,1.000000000000000000e+00,2.670313493758677548e-01,7.465765491071153503e-01,7.421415006226710354e-01,4.671820172350875655e-01,8.204071163462276495e-01,6.825813012527192081e-01,1.556664688378149031e-01,-5.017883231072770567e-01,5.109963862379218735e-01,1.887712702761270567e-01,-5.169879926426678152e-01,4.383413217207250967e-01
1.309999999999996945e+01,1.000000000000000000e+00,2.738093104455210924e-01,7.493989083206692436e-01,7.434738294468270503e-01,4.671820172350875655e-01,8.204071163462276495e-01,6.825813012527192081e-01,1.556177637083767384e-01,-5.018502258286473561e-01,5.109969476577804759e-01,1.887712702761270567e-01,-5.169879926426678152e-01,4.383413217207250967e-01
1.319999999999996909e+01,1.000000000000000000e+00,2.818185496242470167e-01,7.524980971013656150e-01,7.446733085265606622e-01,4.671820172350875655e-01,8.204071163462276495e-01,6.825813012527192081e-01,1.556501010174848043e-01,-5.018817495259940697e-01,5.109219364535828589e-01,1.887712702761270567e-01,-5.169879926426678152e-01,4.383413217207250967e-01
1.329999999999996874e+01,2.000000000000000000e+00,2.905890336494562631e-01,7.559069334724620726e-01,7.458331652772702824e-01,4.671820172350875655e-01,8.204071163462276495e-01,6.825813012527192081e-01,1.556627705035221187e-01,-5.018972505258924022e-01,5.108937796985651980e-01,1.887712702761270567e-01,-5.169879926426678152e-01,4.383413217207250967e-01
1.339999999999996838e+01,2.000000000000000000e+00,2.978046935704641851e-01,7.590072632943574149e-01,7.467608576160331690e-01,1.690658117141475847e-01,1.955649631883771278e-01,4.072002162894582389e-01,1.556627705035221187e-01,-5.018972505258924022e-01,5.108937796985651980e-01,4.709902525712241772e-01,-2.539719560994224690e-01,7.033261733511617653e-01
1.349999999999996803e+01,2.000000000000000000e+00,3.082398472323641947e-01,7.628251046863160356e-01,7.475334651936018648e-01,1.690658117141475847e-01,1.955649631883771278e-01,4.072002162894582389e-01,1.556984618531798981e-01,-5.019401911364893554e-01,5.108151264917782930e-01,4.709902525712241772e-01,-2.539719560994224690e-01,7.033261733511617653e-01
1.359999999999996767e+01,2.000000000000000000e+00,3.141399108175876864e-01,7.648888995505601640e-01,7.478070442378352833e-01,1.690658117141475847e-01,1.955649631883771278e-01,4.072002162894582389e-01,1.557113503127761645e-01,-5.019422733108587220e-01,5.107858323478253748e-01,4.709902525712241772e-01,-2.539719560994224690e-01,7.033261733511617653e-01
1.369999999999996732e+01,2.000000000000000000e+00,3.174316830777883514e-01,7.660561476157938809e-01,7.479716431864295023e-01,1.690658117141475847e-01,1.955649631883771278e-01,4.072002162894582389e-01,1.557113503127761645e-01,-5.019422733108587220e-01,5.107858323478253748e-01,4.709902525712241772e-01,-2.539719560994224690e-01,7.033261733511617653e-01
1.379999999999996696e+01,2.000000000000000000e+00,3.171725660725545071e-01,7.662817588338034502e-01,7.480241578370425692e-01,1.690658117141475847e-01,1.955649631883771278e-01,4.072002162894582389e-01,1.557163454746899045e-01,-5.019504337588205356e-01,5.107762971695393173e-01,4.709902525712241772e-01,-2.539719560994224690e-01,7.033261733511617653e-01
1.389999999999996660e+01,2.000000000000000000e+00,3.172361750421889837e-01,7.661234752559628047e-01,7.481141919897332793e-01,1.690658117141475847e-01,1.955649631883771278e-01,4.072002162894582389e-01,1.556923842112898360e-01,-5.019780041393433478e-01,5.107818937803647596e-01,4.709902525712241772e-01,-2.539719560994224690e-01,7.033261733511617653e-01
1.399999999999996625e+01,2.000000000000000000e+00,3.170100611357727360e-01,7.656743018306880755e-01,7.474293944516947619e-01,1.690658117141475847e-01,1.955649631883771278e-01,4.072002162894582389e-01,1.556923842112898360e-01,-5.019780041393433478e-01,5.107818937803647596e-01,4.709902525712241772e-01,-2.539719560994224690e-01,7.033261733511617653e-01
1.409999999999996589e+01,2.000000000000000000e+00,3.179549618089877461e-01,7.666291913417044857e-01,7.465348376383645901e-01,1.690658117141475847e-01,1.955649631883771278e-01,4.072002162894582389e-01,1.554564047772926116e-01,-5.022184976296805159e-01,5.108819894769011105e-01,4.709902525712241772e-01,-2.539719560994224690e-01,7.033261733511617653e-01
1.419999999999996554e+01,2.000000000000000000e+00,3.192970949744509679e-01,7.690670580671419287e-01,7.461248803649163097e-01,1.690658117141475847e-01,1.955649631883771278e-01,4.072002162894582389e-01,1.554075277498560004e-01,-5.022539574189387457e-01,5.108758942571354211e-01,4.709902525712241772e-01,-2.539719560994224690e-01,7.033261733511617653e-01
1.429999999999996518e+01,2.000000000000000000e+00,3.223442725387813401e-01,7.736422193139562697e-01,7.452475384378338674e-01,1.690658117141475847e-01,1.955649631883771278e-01,4.072002162894582389e-01,1.553999874563183059e-01,-5.022426072187196056e-01,5.108436231831479102e-01,4.709902525712241772e-01,-2.539719560994224690e-01,7.033261733511617653e-01
1.439999999999996483e+01,2.000000000000000000e+00,3.249606997267988628e-01,7.774198808517143178e-01,7.443985292332604420e-01,1.690658117141475847e-01,1.955649631883771278e-01,4.072002162894582389e-01,1.553908400522029942e-01,-5.022266990413792875e-01,5.107990878556097902e-01,4.709902525712241772e-01,-2.539719560994224690e-01,7.033261733511617653e-01
1.449999999999996447e+01,2.000000000000000000e+00,3.291251040564465713e-01,7.829434292747858848e-01,7.429532743249359639e-01,1.690658117141475847e-01,1.955649631883771278e-01,4.072002162894582389e-01,1.553668226282478582e-01,-5.021937272314378475e-01,5.106749500111493756e-01,4.709902525712241772e-01,-2.539719560994224690e-01,7.033261733511617653e-01
1.459999999999996412e+01,2.000000000000000000e+00,3.351859022230788132e-01,7.902932758957920134e-01,7.405668323966766442e-01,1.690658117141475847e-01,1.955649631883771278e-01,4.072002162894582389e-01,1.553668226282478582e-01,-5.021937272314378475e-01,5.106749500111493756e-01,4.709902525712241772e-01,-2.539719560994224690e-01,7.033261733511617653e-01
1.469999999999996376e+01,2.000000000000000000e+00,3.443382130614035530e-01,7.997393618064712051e-01,7.369450900162282103e-01,1.690658117141475847e-01,1.955649631883771278e-01,4.072002162894582389e-01,1.553484024562876709e-01,-5.021547899676742643e-01,5.105780064133350615e-01,4.709902525712241772e-01,-2.539719560994224690e-01,7.033261733511617653e-01
1.479999999999996341e+01,2.000000000000000000e+00,3.517679461442010380e-01,8.063260252416397655e-01,7.339330913825694580e-01,1.690658117141475847e-01,1.955649631883771278e-01,4.072002162894582389e-01,1.553252119253294150e-01,-5.021220359167235525e-01,5.104678068135100055e-01,4.709902525712241772e-01,-2.539719560994224690e-01,7.033261733511617653e-01
1.489999999999996305e+01,2.000000000000000000e+00,3.649360691034659876e-01,8.159725868225911061e-01,7.289551780735943343e-01,1.690658117141475847e-01,1.955649631883771278e-01,4.072002162894582389e-01,1.553195582701633326e-01,-5.021219040211944984e-01,5.104713738098739517e-01,4.709902525712241772e-01,-2.539719560994224690e-01,7.033261733511617653e-01
1.499999999999996270e+01,2.000000000000000000e+00,3.751341562251885864e-01,8.218534457928335923e-01,7.257234157932394014e-01,1.690658117141475847e-01,1.955649631883771278e-01,4.072002162894582389e-01,1.553149132633818152e-01,-5.021263389663234156e-01,5.104734163680605397e-01,4.709902525712241772e-01,-2.539719560994224690e-01,7.033261733511617653e-01
1.509999999999996234e+01,2.000000000000000000e+00,3.881341479634485281e-01,8.267367948433088642e-01,7.226213374292255187e-01,1.690658117141475847e-01,1.955649631883771278e-01,4.072002162894582389e-01,1.553130468731699909e-01,-5.021120070762180587e-01,5.104725979879184417e-01,4.709902525712241772e-01,-2.539719560994224690e-01,7.033261733511617653e-01
1.519999999999996199e+01,2.000000000000000000e+00,4.012936362183551764e-01,8.304763324723054563e-01,7.208348496522322124e-01,1.690658117141475847e-01,1.955649631883771278e-01,4.072002162894582389e-01,1.553145675433551531e-01,-5.021150838125998384e-01,5.104652025242182312e-01,4.709902525712241772e-01,-2.539719560994224690e-01,7.033261733511617653e-01
1.529999999999996163e+01,2.000000000000000000e+00,4.093143716186127823e-01,8.313877828394116154e-01,7.207555613627052438e-01,1.690658117141475847e-01,1.955649631883771278e-01,4.072002162894582389e-01,1.553176197533592262e-01,-5.021143779814268848e-01,5.104613418419527981e-01,4.709902525712241772e-01,-2.539719560994224690e-01,7.033261733511617653e-01
1.539999999999996128e+01,2.000000000000000000e+00,4.179661636775613420e-01,8.316010471631934964e-01,7.216464261863234642e-01,1.690658117141475847e-01,1.955649631883771278e-01,4.072002162894582389e-01,1.553210294538568959e-01,-5.021202673789872950e-01,5.104561511391986217e-01,4.709902525712241772e-01,-2.539719560994224690e-01,7.033261733511617653e-01
1.549999999999996092e+01,2.000000000000000000e+00,4.255091383187617482e-01,8.305966761183896097e-01,7.231992263345079497e-01,1.690658117141475847e-01,1.955649631883771278e-01,4.072002162894582389e-01,1.553254914373036200e-01,-5.021077680574302926e-01,5.104499490059040134e-01,4.709902525712241772e-01,-2.539719560994224690e-01,7.033261733511617653e-01
1.559999999999996056e+01,2.000000000000000000e+00,4.310287343316192565e-01,8.298183031599691839e-01,7.252012205076591167e-01,1.690658117141475847e-01,1.955649631883771278e-01,4.072002162894582389e-01,1.553298584371822777e-01,-5.021194725170415873e-01,5.104443650059187210e-01,4.709902525712241772e-01,-2.539719560994224690e-01,7.033261733511617653e-01
1.569999999999996021e+01,2.000000000000000000e+00,4.342552513619374333e-01,8.290224146224361990e-01,7.265657400076567241e-01,1.690658117141475847e-01,1.955649631883771278e-01,4.072002162894582389e-01,1.553332437589707848e-01,-5.021184978707562419e-01,5.104408625767478114e-01,4.709902525712241772e-01,-2.539719560994224690e-01,7.033261733511617653e-01
1.579999999999995985e+01,2.000000000000000000e+00,4.384246766373446902e-01,8.273760858212714231e-01,7.284604063759074766e-01,1.690658117141475847e-01,1.955649631883771278e-01,4.072002162894582389e-01,1.553370528106033377e-01,-5.021167340380491284e-01,5.104365090142788386e-01,4.709902525712241772e-01,-2.539719560994224690e-01,7.033261733511617653e-01
1.589999999999995950e+01,2.000000000000000000e+00,4.401403089773898714e-01,8.267527990529639492e-01,7.294393169625410511e-01,1.690658117141475847e-01,1.955649631883771278e-01,4.072002162894582389e-01,1.553388386971911728e-01,-5.021156560600031904e-01,5.104345309295686972e-01,4.709902525712241772e-01,-2.539719560994224690e-01,7.033261733511617653e-01
1.599999999999995914e+01,2.000000000000000000e+00,4.404429729580005004e-01,8.266162073480856076e-01,7.296093884689988096e-01,1.690658117141475847e-01,1.955649631883771278e-01,4.072002162894582389e-01,1.553393789753436116e-01,-5.021170102666063784e-01,5.104340411110304121e-01,4.709902525712241772e-01,-2.539719560994224690e-01,7.033261733511617653e-01
1.609999999999995879e+01,2.000000000000000000e+00,4.401443587501094878e-01,8.269962762050622196e-01,7.296384618472919747e-01,1.690658117141475847e-01,1.955649631883771278e-01,4.072002162894582389e-01,1.553394572980573707e-01,-5.021217868065060985e-01,5.104340046488429206e-01,4.709902525712241772e-01,-2.539719560994224690e-01,7.033261733511617653e-01
1.619999999999996021e+01,2.000000000000000000e+00,4.407647323394431327e-01,8.257548622067065747e-01,7.285693761509093314e-01,1.690658117141475847e-01,1.955649631883771278e-01,4.072002162894582389e-01,1.554135343070734143e-01,-5.022572669140417112e-01,5.112202790697002452e-01,4.709902525712241772e-01,-2.539719560994224690e-01,7.033261733511617653e-01
1.629999999999996163e+01,2.000000000000000000e+00,4.453083937005395399e-01,8.177180312492463576e-01,7.238923907546372938e-01,1.690658117141475847e-01,1.955649631883771278e-01,4.072002162894582389e-01,1.558344445250670895e-01,-5.030444370813063060e-01,5.147165030858649182e-01,4.709902525712241772e-01,-2.539719560994224690e-01,7.033261733511617653e-01
1.639999999999996305e+01,2.000000000000000000e+00,4.519040351915782350e-01,8.053537861378323726e-01,7.180778734292503351e-01,1.690658117141475847e-01,1.955649631883771278e-01,4.072002162894582389e-01,1.565856190542455617e-01,-5.038969634178063206e-01,5.197777071641096480e-01,4.709902525712241772e-01,-2.539719560994224690e-01,7.033261733511617653e-01
1.649999999999996447e+01,2.000000000000000000e+00,4.581225513270067995e-01,7.907884370428373000e-01,7.108694907849324451e-01,1.690658117141475847e-01,1.955649631883771278e-01,4.072002162894582389e-01,1.578182181803497175e-01,-5.046309626834836193e-01,5.271219526284757206e-01,4.709902525712241772e-01,-2.539719560994224690e-01,7.033261733511617653e-01
1.659999999999996589e+01,2.000000000000000000e+00,4.680559218246175823e-01,7.660360973130916351e-01,7.015802915004821783e-01,1.690658117141475847e-01,1.955649631883771278e-01,4.072002162894582389e-01,1.595470682124216499e-01,-5.052232720870232230e-01,5.370012882089798545e-01,4.709902525712241772e-01,-2.539719560994224690e-01,7.033261733511617653e-01
1.669999999999996732e+01,2.000000000000000000e+00,4.765169785928706769e-01,7.372440784959789495e-01,6.917275499527992810e-01,1.690658117141475847e-01,1.955649631883771278e-01,4.072002162894582389e-01,1.617715707915557133e-01,-5.050118285938954843e-01,5.487771980823151763e-01,4.709902525712241772e-01,-2.539719560994224690e-01,7.033261733511617653e-01
1.679999999999996874e+01,2.000000000000000000e+00,4.850941262769599693e-01,6.930257228793585966e-01,6.793111216431041433e-01,1.690658117141475847e-01,1.955649631883771278e-01,4.072002162894582389e-01,1.653456479516501876e-01,-5.031064335393151676e-01,5.655136003131625566e-01,4.709902525712241772e-01,-2.539719560994224690e-01,7.033261733511617653e-01
1.689999999999997016e+01,2.000000000000000000e+00,4.883773514775844871e-01,6.577826399490720455e-01,6.711637862624887374e-01,1.690658117141475847e-01,1.955649631883771278e-01,4.072002162894582389e-01,1.684194208865089637e-01,-5.004085638125755908e-01,5.780172421583240627e-01,4.709902525712241772e-01,-2.539719560994224690e-01,7.033261733511617653e-01
1.699999999999997158e+01,2.000000000000000000e+00,4.877268006142084222e-01,6.087349484281867618e-01,6.614328769132713504e-01,1.690658117141475847e-01,1.955649631883771278e-01,4.072002162894582389e-01,1.732677095819664392e-01,-4.949700581586464754e-01,5.948182881560634128e-01,4.709902525712241772e-01,-2.539719560994224690e-01,7.033261733511617653e-01
1.709999999999997300e+01,2.000000000000000000e+00,4.804170536841102512e-01,5.547972590263963166e-01,6.522949779370125212e-01,1.690658117141475847e-01,1.955649631883771278e-01,4.072002162894582389e-01,1.794401326598228930e-01,-4.868541722203063027e-01,6.123230885049613104e-01,4.709902525712241772e-01,-2.539719560994224690e-01,7.033261733511617653e-01
1.719999999999997442e+01,2.000000000000000000e+00,4.647932103388604519e-01,4.979287860457518033e-01,6.433657933632140891e-01,1.690658117141475847e-01,1.955649631883771278e-01,4.072002162894582389e-01,1.872449509226162545e-01,-4.756808417738430106e-01,6.300942945443529508e-01,4.709902525712241772e-01,-2.539719560994224690e-01,7.033261733511617653e-01
1.729999999999997584e+01,2.000000000000000000e+00,4.401264947197646715e-01,4.406683610370241144e-01,6.340266926527069469e-01,1.690658117141475847e-01,1.955649631883771278e-01,4.072002162894582389e-01,1.968291346060183356e-01,-4.614156838538273075e-01,6.472905445161273308e-01,4.709902525712241772e-01,-2.539719560994224690e-01,7.033261733511617653e-01
1.739999999999997726e+01,2.000000000000000000e+00,4.082746121276102369e-01,3.891332286713690136e-01,6.238093746878222712e-01,1.690658117141475847e-01,1.955649631883771278e-01,4.072002162894582389e-01,2.077033695259158930e-01,-4.448774870214853294e-01,6.626675710378217010e-01,4.709902525712241772e-01,-2.539719560994224690e-01,7.033261733511617653e-01
1.749999999999997868e+01,2.000000000000000000e+00,3.707027510722729069e-01,3.439888097307443049e-01,6.117043932292061115e-01,1.690658117141475847e-01,1.955649631883771278e-01,4.072002162894582389e-01,2.198129156477706403e-01,-4.264182283854032196e-01,6.760532120165230197e-01,4.709902525712241772e-01,-2.539719560994224690e-01,7.033261733511617653e-01
1.759999999999998010e+01,2.000000000000000000e+00,3.320042250586428545e-01,3.085350808391305599e-01,5.980879560989649235e-01,1.690658117141475847e-01,1.955649631883771278e-01,4.072002162894582389e-01,2.320724464013557420e-01,-4.077775014353723360e-01,6.866651384307130845e-01,4.709902525712241772e-01,-2.539719560994224690e-01,7.033261733511617653e-01
1.769999999999998153e+01,2.000000000000000000e+00,2.880806111750749410e-01,2.783956625702041499e-01,5.801936842114081561e-01,1.690658117141475847e-01,1.955649631883771278e-01,4.072002162894582389e-01,2.462807078004068118e-01,-3.862478760130216848e-01,6.962058139721406524e-01,4.709902525712241772e-01,-2.539719560994224690e-01,7.033261733511617653e-01
1.779999999999998295e+01,2.000000000000000000e+00,2.614909867784597775e-01,2.644779959630803590e-01,5.677001566034474145e-01,1.690658117141475847e-01,1.955649631883771278e-01,4.072002162894582389e-01,2.551737519289978828e-01,-3.727652895184625503e-01,7.010186343252589047e-01,4.709902525712241772e-01,-2.539719560994224690e-01,7.033261733511617653e-01
1.789999999999998437e+01,2.000000000000000000e+00,2.321504778294125049e-01,2.526954226937963566e-01,5.521172975654934367e-01,1.690658117141475847e-01,1.955649631883771278e-01,4.072002162894582389e-01,2.654346335900806264e-01,-3.572238476612213942e-01,7.056344258219240384e-01,4.709902525712241772e-01,-2.539719560994224690e-01,7.033261733511617653e-01
1.799999999999998579e+01,2.000000000000000000e+00,2.076039494136880104e-01,2.457678888127920180e-01,5.372344280757609392e-01,1.690658117141475847e-01,1.955649631883771278e-01,4.072002162894582389e-01,2.745230872121364740e-01,-3.434220209986472705e-01,7.090466639021599793e-01,4.709902525712241772e-01,-2.539719560994224690e-01,7.033261733511617653e-01
1.809999999999998721e+01,2.000000000000000000e+00,1.862453216449781734e-01,2.420028936494143523e-01,5.226806967523829339e-01,1.690658117141475847e-01,1.955649631883771278e-01,4.072002162894582389e-01,2.844533611897971936e-01,-3.283794402423796943e-01,7.120957169449665392e-01,4.709902525712241772e-01,-2.539719560994224690e-01,7.033261733511617653e-01
1.819999999999998863e+01,3.000000000000000000e+00,1.670026478786811319e-01,2.408717519947242147e-01,5.076299370428384305e-01,1.690658117141475847e-01,1.955649631883771278e-01,4.072002162894582389e-01,2.911557706664382739e-01,-3.181150260796274942e-01,7.138912465235263127e-01,4.709902525712241772e-01,-2.539719560994224690e-01,7.033261733511617653e-01
1.829999999999999005e+01,3.000000000000000000e+00,1.571611462159105133e-01,2.411330959259733175e-01,4.992668415461306020e-01,4.201791354171865445e-01,2.740920562173160269e-01,4.549249786497677750e-01,2.956509852576006403e-01,-3.112996183370618786e-01,7.148125343615179261e-01,3.507902409652520204e-01,-3.412947620091537626e-01,7.273241789956735870e-01
1.839999999999999147e+01,3.000000000000000000e+00,1.476162933209764494e-01,2.422819510532500109e-01,4.901813440768836294e-01,4.201791354171865445e-01,2.740920562173160269e-01,4.549249786497677750e-01,2.990886787382034395e-01,-3.058635151614034764e-01,7.156618483806852504e-01,3.507902409652520204e-01,-3.412947620091537626e-01,7.273241789956735870e-01
1.849999999999999289e+01,3.000000000000000000e+00,1.437698758257457410e-01,2.429079675305922115e-01,4.864020186762592624e-01,4.201791354171865445e-01,2.740920562173160269e-01,4.549249786497677750e-01,3.018277377849805099e-01,-3.017480533014568200e-01,7.162333341219978555e-01,3.507902409652520204e-01,-3.412947620091537626e-01,7.273241789956735870e-01
1.859999999999999432e+01,3.000000000000000000e+00,1.437698758257457410e-01,2.429079675305922115e-01,4.864020186762592624e-01,4.201791354171865445e-01,2.740920562173160269e-01,4.549249786497677750e-01,3.032261986722115110e-01,-2.995978509120534872e-01,7.165167823651236167e-01,3.507902409652520204e-01,-3.412947620091537626e-01,7.273241789956735870e-01
1.869999999999999574e+01,3.000000000000000000e+00,1.417983728441324642e-01,2.433582186957415905e-01,4.842959105947134413e-01,4.201791354171865445e-01,2.740920562173160269e-01,4.549249786497677750e-01,3.032596247909378762e-01,-2.994449469968985533e-01,7.165715644468924062e-01,3.507902409652520204e-01,-3.412947620091537626e-01,7.273241789956735870e-01
1.879999999999999716e+01,3.000000000000000000e+00,1.417657065548001416e-01,2.433780966930633449e-01,4.842392729493443237e-01,4.201791354171865445e-01,2.740920562173160269e-01,4.549249786497677750e-01,3.043907471434884604e-01,-2.988723158399524960e-01,7.170372708845795806e-01,3.507902409652520204e-01,-3.412947620091537626e-01,7.273241789956735870e-01
1.889999999999999858e+01,3.000000000000000000e+00,1.417657065548001416e-01,2.433780966930633449e-01,4.842392729493443237e-01,4.201791354171865445e-01,2.740920562173160269e-01,4.549249786497677750e-01,3.043907471434884604e-01,-2.988723158399524960e-01,7.170372708845795806e-01,3.507902409652520204e-01,-3.412947620091537626e-01,7.273241789956735870e-01
1.900000000000000000e+01,3.000000000000000000e+00,1.416338355278552175e-01,2.435301589121729449e-01,4.838972756401939135e-01,4.201791354171865445e-01,2.740920562173160269e-01,4.549249786497677750e-01,3.136341820348486631e-01,-2.975971629056335943e-01,7.192827722700971815e-01,3.507902409652520204e-01,-3.412947620091537626e-01,7.273241789956735870e-01
1.910000000000000142e+01,3.000000000000000000e+00,1.415251697519314955e-01,2.436544442486101303e-01,4.836200149324651476e-01,4.201791354171865445e-01,2.740920562173160269e-01,4.549249786497677750e-01,3.310155628604631306e-01,-2.957722686921109845e-01,7.238010171913296098e-01,3.507902409652520204e-01,-3.412947620091537626e-01,7.273241789956735870e-01
1.920000000000000284e+01,3.000000000000000000e+00,1.415402160325041070e-01,2.436463884111845224e-01,4.836479291616107568e-01,4.201791354171865445e-01,2.740920562173160269e-01,4.549249786497677750e-01,3.388219822927032165e-01,-2.948392880903462077e-01,7.259858215641549206e-01,3.507902409652520204e-01,-3.412947620091537626e-01,7.273241789956735870e-01
1.930000000000000426e+01,3.000000000000000000e+00,1.415524051372835934e-01,2.436314372632641667e-01,4.836829315881169267e-01,4.201791354171865445e-01,2.740920562173160269e-01,4.549249786497677750e-01,3.388219822927032165e-01,-2.948392880903462077e-01,7.259858215641549206e-01,3.507902409652520204e-01,-3.412947620091537626e-01,7.273241789956735870e-01
1.940000000000000568e+01,3.000000000000000000e+00,1.415612852797495935e-01,2.436132379571040174e-01,4.837176091449213455e-01,4.201791354171865445e-01,2.740920562173160269e-01,4.549249786497677750e-01,3.486844544028573911e-01,-2.947658948140789992e-01,7.284001466982624740e-01,3.507902409652520204e-01,-3.412947620091537626e-01,7.273241789956735870e-01
1.950000000000000711e+01,3.000000000000000000e+00,1.415649521745211692e-01,2.436093491477739903e-01,4.837259710307960647e-01,4.201791354171865445e-01,2.740920562173160269e-01,4.549249786497677750e-01,3.574170197515275649e-01,-2.949344750005149507e-01,7.305331933086988139e-01,3.507902409652520204e-01,-3.412947620091537626e-01,7.273241789956735870e-01
1.960000000000000853e+01,3.000000000000000000e+00,1.415713471132829526e-01,2.436130129070200601e-01,4.837262680175364871e-01,4.201791354171865445e-01,2.740920562173160269e-01,4.549249786497677750e-01,3.570370380695954693e-01,-2.943801315502047045e-01,7.305879720618169149e-01,3.507902409652520204e-01,-3.412947620091537626e-01,7.273241789956735870e-01
1.970000000000000995e+01,3.000000000000000000e+00,1.427386130001297715e-01,2.427897431586897303e-01,4.843761135220848724e-01,4.201791354171865445e-01,2.740920562173160269e-01,4.549249786497677750e-01,3.570370380695954693e-01,-2.943801315502047045e-01,7.305879720618169149e-01,3.507902409652520204e-01,-3.412947620091537626e-01,7.273241789956735870e-01
1.980000000000001137e+01,3.000000000000000000e+00,1.465700144303712094e-01,2.406209965551714125e-01,4.861711731262780556e-01,4.201791354171865445e-01,2.740920562173160269e-01,4.549249786497677750e-01,3.572262979009533934e-01,-2.946862742059122575e-01,7.300253188670308147e-01,3.507902409652520204e-01,-3.412947620091537626e-01,7.273241789956735870e-01
1.990000000000001279e+01,3.000000000000000000e+00,1.543393822526239190e-01,2.364555325811999453e-01,4.896520866621327794e-01,4.201791354171865445e-01,2.740920562173160269e-01,4.549249786497677750e-01,3.573444843778734170e-01,-2.948701734668468522e-01,7.295490812434896055e-01,3.507902409652520204e-01,-3.412947620091537626e-01,7.273241789956735870e-01
2.000000000000001421e+01,3.000000000000000000e+00,1.637115685872143900e-01,2.316803442828026804e-01,4.936994608452229816e-01,4.201791354171865445e-01,2.740920562173160269e-01,4.549249786497677750e-01,3.573473986283687842e-01,-2.948795501510089734e-01,7.294830103844849312e-01,3.507902409652520204e-01,-3.412947620091537626e-01,7.273241789956735870e-01
2.010000000000001563e+01,3.000000000000000000e+00,1.760566098717963324e-01,2.256816660161235222e-01,4.987018745461374580e-01,4.201791354171865445e-01,2.740920562173160269e-01,4.549249786497677750e-01,3.573487056527434036e-01,-2.948880555757789068e-01,7.294806793865602490e-01,3.507902409652520204e-01,-3.412947620091537626e-01,7.273241789956735870e-01
2.020000000000001705e+01,3.000000000000000000e+00,1.945678826131517769e-01,2.185548374343739830e-01,5.047202714926084521e-01,4.201791354171865445e-01,2.740920562173160269e-01,4.549249786497677750e-01,3.573487056527434036e-01,-2.948880555757789068e-01,7.294806793865602490e-01,3.507902409652520204e-01,-3.412947620091537626e-01,7.273241789956735870e-01
2.030000000000001847e+01,3.000000000000000000e+00,2.164720160551496242e-01,2.112034496734395417e-01,5.106832693752403340e-01,4.201791354171865445e-01,2.740920562173160269e-01,4.549249786497677750e-01,3.573657729373646008e-01,-2.949326338585971929e-01,7.294661665024080310e-01,3.507902409652520204e-01,-3.412947620091537626e-01,7.273241789956735870e-01
2.040000000000001990e+01,4.000000000000000000e+00,2.436270782060221129e-01,2.045480183795827522e-01,5.163391237563060843e-01,4.201791354171865445e-01,2.740920562173160269e-01,4.549249786497677750e-01,3.573727733706096865e-01,-2.949521926562140850e-01,7.294606700779110442e-01,3.507902409652520204e-01,-3.412947620091537626e-01,7.273241789956735870e-01
2.050000000000002132e+01,4.000000000000000000e+00,2.816562662129084571e-01,1.992583642316539672e-01,5.215524543507292776e-01,4.520203005444797251e-01,1.780464273714296719e-01,6.029259418599399734e-01,3.573727733706096865e-01,-2.949521926562140850e-01,7.294606700779110442e-01,3.686805826065893132e-01,-5.446416018606261567e-01,3.888950871203922244e-01
2.060000000000002274e+01,4.000000000000000000e+00,3.070254784795115044e-01,1.985396544205983993e-01,5.237013537242413141e-01,4.520203005444797251e-01,1.780464273714296719e-01,6.029259418599399734e-01,3.573917326491781177e-01,-2.949973435701517266e-01,7.294439248229906969e-01,3.686805826065893132e-01,-5.446416018606261567e-01,3.888950871203922244e-01
2.070000000000002416e+01,4.000000000000000000e+00,3.350047271381051406e-01,1.991342643702799509e-01,5.248601780616634072e-01,4.520203005444797251e-01,1.780464273714296719e-01,6.029259418599399734e-01,3.574045507103932873e-01,-2.950233958622259234e-01,7.294327703595151480e-01,3.686805826065893132e-01,-5.446416018606261567e-01,3.888950871203922244e-01
2.080000000000002558e+01,4.000000000000000000e+00,3.599651108351216156e-01,2.014351953810960272e-01,5.250041057946776002e-01,4.520203005444797251e-01,1.780464273714296719e-01,6.029259418599399734e-01,3.574077981519797609e-01,-2.950363838827339547e-01,7.294295602978768667e-01,3.686805826065893132e-01,-5.446416018606261567e-01,3.888950871203922244e-01
2.090000000000002700e+01,4.000000000000000000e+00,3.822280420519514887e-01,2.055263760543662721e-01,5.246809503664471297e-01,4.520203005444797251e-01,1.780464273714296719e-01,6.029259418599399734e-01,3.574077981519797609e-01,-2.950363838827339547e-01,7.294295602978768667e-01,3.686805826065893132e-01,-5.446416018606261567e-01,3.888950871203922244e-01
2.100000000000002842e+01,4.000000000000000000e+00,3.930031461873914611e-01,2.071696451080286827e-01,5.241457000564400115e-01,4.520203005444797251e-01,1.780464273714296719e-01,6.029259418599399734e-01,3.574190951498157909e-01,-2.950550400402387474e-01,7.294186604453886114e-01,3.686805826065893132e-01,-5.446416018606261567e-01,3.888950871203922244e-01
2.110000000000002984e+01,4.000000000000000000e+00,4.055670572096085058e-01,2.105922651821422742e-01,5.234080906648732601e-01,4.520203005444797251e-01,1.780464273714296719e-01,6.029259418599399734e-01,3.574253351255631261e-01,-2.950665839951711056e-01,7.294120099663847778e-01,3.686805826065893132e-01,-5.446416018606261567e-01,3.888950871203922244e-01
2.120000000000003126e+01,4.000000000000000000e+00,4.055670572096085058e-01,2.105922651821422742e-01,5.234080906648732601e-01,4.520203005444797251e-01,1.780464273714296719e-01,6.029259418599399734e-01,3.574269643008013975e-01,-2.950682228828443443e-01,7.294099031774662345e-01,3.686805826065893132e-01,-5.446416018606261567e-01,3.888950871203922244e-01
2.130000000000003268e+01,4.000000000000000000e+00,4.155588955187618505e-01,2.134592308196550936e-01,5.227626825626581208e-01,4.520203005444797251e-01,1.780464273714296719e-01,6.029259418599399734e-01,3.574277382466587438e-01,-2.950707295265561636e-01,7.294097969210373567e-01,3.686805826065893132e-01,-5.446416018606261567e-01,3.888950871203922244e-01
2.140000000000003411e+01,4.000000000000000000e+00,4.157781121146733039e-01,2.129377282426343776e-01,5.227296296863203073e-01,4.520203005444797251e-01,1.780464273714296719e-01,6.029259418599399734e-01,3.574273867205381428e-01,-2.950693283818961454e-01,7.294098325617025536e-01,3.686805826065893132e-01,-5.446416018606261567e-01,3.888950871203922244e-01
2.150000000000003553e+01,4.000000000000000000e+00,4.157781121146733039e-01,2.129377282426343776e-01,5.227296296863203073e-01,4.520203005444797251e-01,1.780464273714296719e-01,6.029259418599399734e-01,3.569501724934144304e-01,-2.961473815616093574e-01,7.291309043093937570e-01,3.686805826065893132e-01,-5.446416018606261567e-01,3.888950871203922244e-01
2.160000000000003695e+01,4.000000000000000000e+00,4.159231630129711643e-01,2.132538457291300871e-01,5.221742611539146317e-01,4.520203005444797251e-01,1.780464273714296719e-01,6.029259418599399734e-01,3.539410319346071865e-01,-3.053122330277225349e-01,7.275495300457497372e-01,3.686805826065893132e-01,-5.446416018606261567e-01,3.888950871203922244e-01
2.170000000000003837e+01,4.000000000000000000e+00,4.157771352997289838e-01,2.133010840450204615e-01,5.208950603287572090e-01,4.520203005444797251e-01,1.780464273714296719e-01,6.029259418599399734e-01,3.497846365529019841e-01,-3.170673789819261068e-01,7.258513745221372160e-01,3.686805826065893132e-01,-5.446416018606261567e-01,3.888950871203922244e-01
2.180000000000003979e+01,4.000000000000000000e+00,4.155466563504031097e-01,2.133669423573237023e-01,5.202543447839660384e-01,4.520203005444797251e-01,1.780464273714296719e-01,6.029259418599399734e-01,3.456002561086588543e-01,-3.275560351980500995e-01,7.244828915518213286e-01,3.686805826065893132e-01,-5.446416018606261567e-01,3.888950871203922244e-01
2.190000000000004121e+01,4.000000000000000000e+00,4.153302133512539185e-01,2.133428897445175110e-01,5.202189267616241786e-01,4.520203005444797251e-01,1.780464273714296719e-01,6.029259418599399734e-01,3.367388034461968882e-01,-3.478787228914933527e-01,7.219723781287405995e-01,3.686805826065893132e-01,-5.446416018606261567e-01,3.888950871203922244e-01
2.200000000000004263e+01,4.000000000000000000e+00,4.153302133512539185e-01,2.133428897445175110e-01,5.202189267616241786e-01,4.520203005444797251e-01,1.780464273714296719e-01,6.029259418599399734e-01,3.248229686060555843e-01,-3.715659509002329774e-01,7.182800786760513700e-01,3.686805826065893132e-01,-5.446416018606261567e-01,3.888950871203922244e-01
2.210000000000004405e+01,4.000000000000000000e+00,4.150785787810394867e-01,2.133116838247470226e-01,5.201552470399527506e-01,4.520203005444797251e-01,1.780464273714296719e-01,6.029259418599399734e-01,3.184837291383166846e-01,-3.836603973876147045e-01,7.159251200238654356e-01,3.686805826065893132e-01,-5.446416018606261567e-01,3.888950871203922244e-01
2.220000000000004547e+01,4.000000000000000000e+00,4.149261018340930085e-01,2.132745670784030600e-01,5.201186005834921300e-01,4.520203005444797251e-01,1.780464273714296719e-01,6.029259418599399734e-01,3.108789604356529401e-01,-3.959026615968655460e-01,7.133555588616236065e-01,3.686805826065893132e-01,-5.446416018606261567e-01,3.888950871203922244e-01
2.230000000000004690e+01,4.000000000000000000e+00,4.148189833963047413e-01,2.132663817811781548e-01,5.200833228558581212e-01,4.520203005444797251e-01,1.780464273714296719e-01,6.029259418599399734e-01,3.060060603856073480e-01,-4.036869583462342481e-01,7.116082259802481991e-01,3.686805826065893132e-01,-5.446416018606261567e-01,3.888950871203922244e-01
2.240000000000004832e+01,4.000000000000000000e+00,4.147040174934121248e-01,2.132428305634259669e-01,5.200407076662755257e-01,4.520203005444797251e-01,1.780464273714296719e-01,6.029259418599399734e-01,3.039357466063245528e-01,-4.068795793234044611e-01,7.108297196326340828e-01,3.686805826065893132e-01,-5.446416018606261567e-01,3.888950871203922244e-01
2.250000000000004974e+01,4.000000000000000000e+00,4.147063070688473685e-01,2.132458937607863703e-01,5.200394242949578638e-01,4.520203005444797251e-01,1.780464273714296719e-01,6.029259418599399734e-01,3.036692515500282741e-01,-4.071915853442081845e-01,7.106662377271415476e-01,3.686805826065893132e-01,-5.446416018606261567e-01,3.888950871203922244e-01
2.260000000000005116e+01,4.000000000000000000e+00,4.147063070688473685e-01,2.132458937607863703e-01,5.200394242949578638e-01,4.520203005444797251e-01,1.780464273714296719e-01,6.029259418599399734e-01,3.039355026817449068e-01,-4.071244601863096557e-01,7.102990554137414980e-01,3.686805826065893132e-01,-5.446416018606261567e-01,3.888950871203922244e-01
2.270000000000005258e+01,4.000000000000000000e+00,4.146578154128977012e-01,2.132586221448429797e-01,5.191707688864130033e-01,4.520203005444797251e-01,1.780464273714296719e-01,6.029259418599399734e-01,3.064375426652631851e-01,-4.073010433928698215e-01,7.068725585444546322e-01,3.686805826065893132e-01,-5.446416018606261567e-01,3.888950871203922244e-01
2.280000000000005400e+01,4.000000000000000000e+00,4.146105531722242832e-01,2.133474128055859176e-01,5.175198958567296392e-01,4.520203005444797251e-01,1.780464273714296719e-01,6.029259418599399734e-01,3.125060905504767339e-01,-4.083993455469649980e-01,6.987199071064067457e-01,3.686805826065893132e-01,-5.446416018606261567e-01,3.888950871203922244e-01
2.290000000000005542e+01,4.000000000000000000e+00,4.146105531722242832e-01,2.133474128055859176e-01,5.175198958567296392e-01,4.520203005444797251e-01,1.780464273714296719e-01,6.029259418599399734e-01,3.196726824152124058e-01,-4.099810699771906375e-01,6.890604847564035795e-01,3.686805826065893132e-01,-5.446416018606261567e-01,3.888950871203922244e-01
2.300000000000005684e+01,4.000000000000000000e+00,4.146017162257950028e-01,2.133490524197160509e-01,5.173832775470269540e-01,4.520203005444797251e-01,1.780464273714296719e-01,6.029259418599399734e-01,3.314450521789603643e-01,-4.132716964587784259e-01,6.722429157850248194e-01,3.686805826065893132e-01,-5.446416018606261567e-01,3.888950871203922244e-01
2.310000000000005826e+01,4.000000000000000000e+00,4.146042344357340204e-01,2.133366914384152990e-01,5.173947017839894968e-01,4.520203005444797251e-01,1.780464273714296719e-01,6.029259418599399734e-01,3.408886125553269864e-01,-4.177142194489065763e-01,6.578948051334010394e-01,3.686805826065893132e-01,-5.446416018606261567e-01,3.888950871203922244e-01
2.320000000000005969e+01,4.000000000000000000e+00,4.146109304437086696e-01,2.133289789040865025e-01,5.173864799125313940e-01,4.520203005444797251e-01,1.780464273714296719e-01,6.029259418599399734e-01,3.534088007473589199e-01,-4.249178971145291528e-01,6.363041446221952002e-01,3.686805826065893132e-01,-5.446416018606261567e-01,3.888950871203922244e-01
2.330000000000006111e+01,4.000000000000000000e+00,4.146109304437086696e-01,2.133289789040865025e-01,5.173864799125313940e-01,4.520203005444797251e-01,1.780464273714296719e-01,6.029259418599399734e-01,3.658315113790785444e-01,-4.352027382450401327e-01,6.112705954620203386e-01,3.686805826065893132e-01,-5.446416018606261567e-01,3.888950871203922244e-01
2.340000000000006253e+01,4.000000000000000000e+00,4.146189090396878441e-01,2.133273246271515655e-01,5.173929738630185238e-01,4.520203005444797251e-01,1.780464273714296719e-01,6.029259418599399734e-01,3.769915884859528776e-01,-4.490843885943190950e-01,5.833241314031101243e-01,3.686805826065893132e-01,-5.446416018606261567e-01,3.888950871203922244e-01
2.350000000000006395e+01,5.000000000000000000e+00,4.146353677364643664e-01,2.133197831465094285e-01,5.173680672947928993e-01,4.520203005444797251e-01,1.780464273714296719e-01,6.029259418599399734e-01,3.847626567346359994e-01,-4.637444756148186853e-01,5.568422456665040876e-01,3.686805826065893132e-01,-5.446416018606261567e-01,3.888950871203922244e-01
