Time,Target Position x,Target Position y,Target Position x,Current Position x,Current Position y,Current Position z,Target Orientation x,Target Orientation y,Target Orientation z,Target Orientation w,Current Orientation w,Current Orientation x,Current Orientation y,Current Orientation z
0.2,0.270200148523,-0.173701175095,0.838450139806,0.0,0.0,0.0,0.0501871019746,0.987403261205,-0.0955513362471,-0.115697868164,0.0,0.0,0.0,0.0
0.3,0.270200148523,-0.173701175095,0.838450139806,0.0,0.0,0.0,0.0501871019746,0.987403261205,-0.0955513362471,-0.115697868164,0.0,0.0,0.0,0.0
0.4,0.27020103313,-0.173702210834,0.838450391663,0.270199723004,-0.173700898919,0.838450221026,0.0501866625388,0.987403115578,-0.0955530523176,-0.115697884347,0.0501871380085,0.987403308445,-0.095550959844,-0.115697760234
0.5,0.270200675409,-0.173701557783,0.838450191245,0.270200244804,-0.173701188656,0.838450176589,0.0501867938613,0.987403185253,-0.0955520480174,-0.115698062185,0.0501869083428,0.987403243685,-0.095551436219,-0.11569801912
0.6,0.270201255525,-0.173702075094,0.838450236068,0.270200244804,-0.173701188656,0.838450176589,0.0501865578003,0.987403097753,-0.0955528893441,-0.115698216499,0.0501869083428,0.987403243685,-0.095551436219,-0.11569801912
0.7,0.270200213359,-0.173701518707,0.838450388221,0.270201587431,-0.173702336891,0.838450218726,0.0501866619594,0.987403226848,-0.0955519656148,-0.115697832471,0.0501864384566,0.987403055607,-0.0955533009772,-0.115698287995
0.8,0.270200469617,-0.173701357706,0.838450226806,0.270200469617,-0.173701357706,0.838450226806,0.0501865866877,0.987403210076,-0.0955517337424,-0.115698199756,0.0501865866877,0.987403210076,-0.0955517337424,-0.115698199756
0.9,0.270201159722,-0.173702010731,0.83845029476,0.270200403246,-0.173701730384,0.838450536052,0.0501863190679,0.98740310495,-0.095552842564,-0.115698297273,0.0501863725042,0.98740318435,-0.0955524110826,-0.115697952823
1.0,0.270200129114,-0.173701122008,0.83845033023,0.270200403246,-0.173701730384,0.838450536052,0.0501865233981,0.98740324141,-0.0955514593003,-0.115698186447,0.0501863725042,0.98740318435,-0.0955524110826,-0.115697952823
1.1,0.270201261317,-0.173702027338,0.838450289581,0.270200389497,-0.1737013281,0.838450319442,0.0501861562735,0.987403093524,-0.0955528522924,-0.115698457364,0.0501864104226,0.987403210016,-0.0955517736576,-0.115698243766
1.2,0.270199574991,-0.17370109691,0.838450615886,0.270199781954,-0.173701165956,0.838450521257,0.0501862783741,0.987403291294,-0.0955514250906,-0.11569789526,0.0501863763263,0.987403267544,-0.0955515139181,-0.115697982102
1.3,0.270201127388,-0.173701853661,0.838450329269,0.270201120222,-0.17370185414,0.838450328944,0.0501860442953,0.987403105631,-0.0955526649975,-0.115698557297,0.05018600315,0.987403109025,-0.0955526535933,-0.115698555597
1.4,0.270200032033,-0.173701136423,0.838450459913,0.270201120222,-0.17370185414,0.838450328944,0.0501861786419,0.987403238669,-0.0955515606017,-0.115698275723,0.05018600315,0.987403109025,-0.0955526535933,-0.115698555597
1.5,0.270200387156,-0.173701639384,0.838450562564,0.270200387156,-0.173701639384,0.838450562564,0.0501859568959,0.987403183275,-0.0955523156599,-0.115698221079,0.0501859568959,0.987403183275,-0.0955523156599,-0.115698221079
1.6,0.270200310225,-0.173701286108,0.838450438709,0.270200310225,-0.173701286108,0.838450438709,0.0501859617193,0.987403204618,-0.0955517904184,-0.115698470625,0.0501859617193,0.987403204618,-0.0955517904184,-0.115698470625
1.7,0.270199939201,-0.173701363478,0.838450731067,0.270200310225,-0.173701286108,0.838450438709,0.0501858122479,0.987403225522,-0.0955519781961,-0.115698201973,0.0501859617193,0.987403204618,-0.0955517904184,-0.115698470625
1.8,0.270200404883,-0.173701336413,0.838450502866,0.270200337036,-0.173701586062,0.838450624786,0.0501857508374,0.987403186346,-0.0955519655883,-0.115698573364,0.050185811602,0.987403179617,-0.0955523036306,-0.115698325257
1.9,0.270200067578,-0.173701150111,0.838450575723,0.270200161234,-0.17370111639,0.838450481864,0.0501857401559,0.987403220126,-0.0955517039341,-0.115698505805,0.0501857798865,0.987403222358,-0.0955515805566,-0.115698571412
2.0,0.270200076889,-0.173701385769,0.838450694375,0.270199934643,-0.173701290714,0.838450699624,0.0501856517576,0.987403207012,-0.0955520409298,-0.115698377748,0.0501856217636,0.987403229049,-0.095551873719,-0.115698340785
2.1,0.270200130236,-0.17370114188,0.838450565326,0.270199934643,-0.173701290714,0.838450699624,0.0501855598596,0.98740321472,-0.0955516650906,-0.115698662223,0.0501856217636,0.987403229049,-0.095551873719,-0.115698340785
2.2,0.270200255335,-0.173701304989,0.838450626747,0.27019979881,-0.173701252876,0.838450857587,0.0501854209492,0.987403190241,-0.0955519838117,-0.115698668163,0.0501854063837,0.987403229883,-0.0955519180027,-0.115698390522
2.3,0.270199958719,-0.173700981347,0.838450640218,0.270199977596,-0.173701003692,0.838450637808,0.0501854632029,0.987403228656,-0.0955515179661,-0.115698706721,0.0501854055513,0.987403229242,-0.0955515388663,-0.115698709464
2.4,0.270200238816,-0.173701233149,0.838450626448,0.270199977596,-0.173701003692,0.838450637808,0.050185286369,0.987403194285,-0.0955518547726,-0.115698798603,0.0501854055513,0.987403229242,-0.0955515388663,-0.115698709464
2.5,0.270199437218,-0.173700979075,0.83845092353,0.270200101592,-0.173701172428,0.838450696448,0.0501852098344,0.987403274458,-0.0955515169179,-0.115698426603,0.0501852940095,0.987403201385,-0.0955518554646,-0.11569873412
2.6,0.270200155586,-0.173701099491,0.838450665111,0.270199559467,-0.173700998079,0.838450832893,0.0501851643364,0.987403199498,-0.0955517348075,-0.115698906122,0.0501852651849,0.987403264991,-0.095551512207,-0.115698487276
2.7,0.270199774736,-0.17370092677,0.838450771303,0.27019973871,-0.173700904952,0.83845076479,0.050185136179,0.987403237811,-0.095551502502,-0.115698783214,0.0501850978613,0.987403244867,-0.0955514527983,-0.115698780662
2.8,0.270199580825,-0.173701012154,0.838450892977,0.270199978933,-0.173700992094,0.838450761065,0.0501850404804,0.987403255112,-0.0955515909089,-0.115698604055,0.0501850186962,0.987403211905,-0.0955516471482,-0.115698935803
2.9,0.270199866867,-0.173700934485,0.838450756444,0.270199802033,-0.173700894722,0.838450762132,0.0501849611561,0.987403228471,-0.0955515034103,-0.115698938089,0.0501849458918,0.987403238229,-0.095551424195,-0.11569892685
3.0,0.27019936108,-0.173700915724,0.83845104726,0.270199802033,-0.173700894722,0.838450762132,0.0501847867445,0.987403270575,-0.0955515259058,-0.115698635833,0.0501849458918,0.987403238229,-0.095551424195,-0.11569892685
3.1,0.270199822688,-0.173700840905,0.838450797602,0.270199520058,-0.173700949887,0.838450955107,0.0501848007937,0.987403229588,-0.0955514332365,-0.115699056068,0.0501848970332,0.987403252983,-0.0955515624868,-0.115698707921
3.2,0.270199564063,-0.173700753722,0.83845089568,0.27019959456,-0.173700783639,0.838450898243,0.0501847555772,0.98740325181,-0.0955513495246,-0.115698955164,0.0501847365961,0.987403247785,-0.0955513828559,-0.115698970221
3.3,0.270199394261,-0.173700851746,0.83845102006,0.27019959456,-0.173700783639,0.838450898243,0.0501847061509,0.987403262622,-0.0955514618345,-0.11569879158,0.0501847365961,0.987403247785,-0.0955513828559,-0.115698970221
3.4,0.267630225454,-0.179184270449,0.841327242194,0.270199643939,-0.173700706246,0.838450862788,0.0501847061509,0.987403262622,-0.0955514618345,-0.11569879158,0.0501845769421,0.987403248974,-0.0955512564131,-0.115699133747
3.5,0.267369306122,-0.187233818122,0.842974356948,0.270199554026,-0.173700756582,0.838450952807,0.0501847061509,0.987403262622,-0.0955514618345,-0.11569879158,0.0501844801861,0.987403248342,-0.0955513822806,-0.115699077159
3.6,0.268825924431,-0.195454937764,0.842466167746,0.270190054678,-0.173707551511,0.838448337171,0.0501847061509,0.987403262622,-0.0955514618345,-0.11569879158,0.0501849481258,0.98740556195,-0.0955414556019,-0.115687326333
3.7,0.269550627504,-0.202122879573,0.84184461051,0.268833057065,-0.176615712157,0.839627806909,0.0501847061509,0.987403262622,-0.0955514618345,-0.11569879158,0.0507455635762,0.987395757153,-0.0953855075972,-0.11565514028
3.8,0.268186754023,-0.209362042495,0.842671326933,0.269912058386,-0.180733873413,0.840583637253,0.0501847061509,0.987403262622,-0.0955514618345,-0.11569879158,0.0506046742898,0.987084275968,-0.098162726029,-0.116051188256
3.9,0.267686700855,-0.218332034894,0.843483917056,0.267668889653,-0.178922138004,0.840596956505,0.0501847061509,0.987403262622,-0.0955514618345,-0.11569879158,0.0511604361505,0.987396716661,-0.0952660195825,-0.11556262031
4.0,0.26591072086,-0.228250217982,0.846085421382,0.269563932567,-0.180427881779,0.840573798937,0.0501847061509,0.987403262622,-0.0955514618345,-0.11569879158,0.0506942713809,0.98713669659,-0.0977011398793,-0.115955682745
4.1,0.265006488596,-0.237746608802,0.847045950232,0.268085218409,-0.179261100858,0.840599596626,0.0501847061509,0.987403262622,-0.0955514618345,-0.11569879158,0.0510521163284,0.987338781474,-0.0958169404702,-0.115650014849
4.2,0.264391607081,-0.246732366629,0.845819644271,0.269125290978,-0.180076387825,0.840578750514,0.0501847061509,0.987403262622,-0.0955514618345,-0.11569879158,0.0507976902378,0.987197795872,-0.0971230751889,-0.115875859258
4.3,0.263770794903,-0.254215670176,0.844966821013,0.268512449608,-0.179597805035,0.84059171838,0.0501847061509,0.987403262622,-0.0955514618345,-0.11569879158,0.0509540709162,0.987280638545,-0.0963703242217,-0.115729788818
4.4,0.262733703886,-0.259668750115,0.844840816794,0.268737050376,-0.179771643713,0.840586217464,0.0501847061509,0.987403262622,-0.0955514618345,-0.11569879158,0.050887661417,0.987251062547,-0.0966302435343,-0.115794565714
4.5,0.261488741671,-0.26312990243,0.845499746142,0.268239171329,-0.18142702179,0.840407101593,0.0501847061509,0.987403262622,-0.0955514618345,-0.11569879158,0.0516084486231,0.987289636681,-0.0955571182204,-0.116036970362
4.6,0.259843891894,-0.266242755004,0.846582762538,0.26944846199,-0.188964426032,0.84007352601,0.0501847061509,0.987403262622,-0.0955514618345,-0.11569879158,0.0526086600962,0.98703356805,-0.0958089119015,-0.117548784876
4.7,0.25908390287,-0.269690198251,0.846227340041,0.269072519967,-0.199735451037,0.840284809336,0.0501847061509,0.987403262622,-0.0955514618345,-0.11569879158,0.0534700209119,0.986974969034,-0.0946217894757,-0.118608955486
4.8,0.257640069758,-0.273541224547,0.845454565821,0.268181634468,-0.211581128169,0.840955216189,0.0501847061509,0.987403262622,-0.0955514618345,-0.11569879158,0.0536641956584,0.987003198732,-0.0933478822899,-0.119293808177
4.9,0.256546473538,-0.27692009265,0.843876473246,0.2689174846,-0.229212890634,0.842044711404,0.0501847061509,0.987403262622,-0.0955514618345,-0.11569879158,0.0525175851323,0.986810201622,-0.0958398409684,-0.119424679647
5.0,0.256182765995,-0.284323108741,0.840987018881,0.267026003308,-0.24016915359,0.84296956769,0.0501847061509,0.987403262622,-0.0955514618345,-0.11569879158,0.0518971081738,0.987070116445,-0.0950336092742,-0.118185821878
5.1,0.256407386099,-0.293609959431,0.838011614619,0.266096594584,-0.248909560031,0.843671407136,0.0501847061509,0.987403262622,-0.0955514618345,-0.11569879158,0.0511595659919,0.987186630089,-0.0957204727769,-0.116973703335
5.2,0.254945969616,-0.302315933057,0.836287550269,0.265428175981,-0.254482119282,0.844182229955,0.0501847061509,0.987403262622,-0.0955514618345,-0.11569879158,0.0504537944424,0.987271823875,-0.0961028712318,-0.116245423783
5.3,0.253398066794,-0.310581756182,0.834639839469,0.265070364236,-0.254970326498,0.844206986581,0.0501847061509,0.987403262622,-0.0955514618345,-0.11569879158,0.0505582994173,0.98733159337,-0.0958521615883,-0.115898862
5.4,0.252300566469,-0.316475344249,0.832240454493,0.264914546634,-0.254845182985,0.844240743962,0.0501847061509,0.987403262622,-0.0955514618345,-0.11569879158,0.0505337733728,0.987356073569,-0.0955862663383,-0.115920608276
5.5,0.250621473824,-0.321459901877,0.830133311091,0.265065087381,-0.25498942379,0.84422990992,0.0501847061509,0.987403262622,-0.0955514618345,-0.11569879158,0.0505091096633,0.987330927092,-0.095847692146,-0.115929677641
5.6,0.248772895371,-0.327869725772,0.827819041548,0.264907936458,-0.254830243387,0.844215451004,0.0501847061509,0.987403262622,-0.0955514618345,-0.11569879158,0.0505517114996,0.987359695343,-0.0955750382891,-0.115891192647
5.7,0.24540457729,-0.333979112454,0.827432386218,0.264404712433,-0.257336704139,0.843297166738,0.0501847061509,0.987403262622,-0.0955514618345,-0.11569879158,0.051221531469,0.987353916667,-0.0947346124466,-0.116335511178
5.8,0.24283984903,-0.340653372355,0.826111726103,0.265159779591,-0.266152132487,0.84120732844,0.0501847061509,0.987403262622,-0.0955514618345,-0.11569879158,0.051621210108,0.986983738495,-0.0963041104067,-0.117999444625
5.9,0.24012831453,-0.345975560494,0.824986867247,0.262820823039,-0.27446231746,0.839060554633,0.0501847061509,0.987403262622,-0.0955514618345,-0.11569879158,0.0523492010249,0.98705132891,-0.0945485635888,-0.118531870703
6.0,0.237954294716,-0.352215660163,0.823618225394,0.261212511791,-0.290381954029,0.836032903591,0.0501847061509,0.987403262622,-0.0955514618345,-0.11569879158,0.0517969519645,0.986781694195,-0.0962571207342,-0.119639167822
6.1,0.234904921089,-0.359716815301,0.821447305022,0.25670114202,-0.303773404116,0.833125535151,0.0501847061509,0.987403262622,-0.0955514618345,-0.11569879158,0.051892993654,0.987025551482,-0.0947419724001,-0.118792409674
6.2,0.23130819801,-0.369894636222,0.820421091853,0.254925425732,-0.313527007092,0.831298449938,0.0501847061509,0.987403262622,-0.0955514618345,-0.11569879158,0.05113875664,0.986976393572,-0.0965157894213,-0.118097961426
6.3,0.226739561592,-0.380528581687,0.821082524596,0.252355926826,-0.319557113458,0.829977656843,0.0501847061509,0.987403262622,-0.0955514618345,-0.11569879158,0.0509363708653,0.987177967757,-0.0957862334722,-0.117090322294
6.4,0.223562932049,-0.388759238072,0.820027701197,0.25212307366,-0.322975398522,0.829433679816,0.0501847061509,0.987403262622,-0.0955514618345,-0.11569879158,0.0504930682929,0.987086090998,-0.0972407765707,-0.116857735665
6.5,0.220079934631,-0.39780030901,0.819086007414,0.251232971214,-0.321721150693,0.829421354496,0.0501847061509,0.987403262622,-0.0955514618345,-0.11569879158,0.0509601329861,0.987284024279,-0.095386583523,-0.116510600088
6.6,0.218319690262,-0.404409957476,0.816246680556,0.251968146949,-0.322738702054,0.829433118087,0.0501847061509,0.987403262622,-0.0955514618345,-0.11569879158,0.0505542900929,0.987122428962,-0.0969186479503,-0.116791907568
6.7,0.216889536415,-0.409982336112,0.812606267272,0.25138956261,-0.321934422959,0.82942433487,0.0501847061509,0.987403262622,-0.0955514618345,-0.11569879158,0.0508661474145,0.987251022769,-0.0956950536096,-0.116578341916
6.8,0.215153312718,-0.416867030211,0.810479156314,0.251649863341,-0.32229701304,0.829427374192,0.0501847061509,0.987403262622,-0.0955514618345,-0.11569879158,0.0507356959183,0.987192006564,-0.0962663655998,-0.116664554127
6.9,0.213107144867,-0.422355068274,0.808010391532,0.2516750341,-0.322331592349,0.82942970059,0.0501847061509,0.987403262622,-0.0955514618345,-0.11569879158,0.0507080504456,0.987188347777,-0.0962910739502,-0.116687140295
7.0,0.211215293442,-0.42743660266,0.805341712771,0.251718725348,-0.322393374553,0.82942923428,0.0501847061509,0.987403262622,-0.0955514618345,-0.11569879158,0.0506942548187,0.987177122642,-0.0964049039742,-0.116694111032
7.1,0.209603166615,-0.432221127101,0.802441171942,0.2516042908,-0.322233325404,0.829428286335,0.0501847061509,0.987403262622,-0.0955514618345,-0.11569879158,0.0507486274405,0.987203680506,-0.0961469707286,-0.116658604604
7.2,0.206456637417,-0.438434881516,0.80005209857,0.251541032233,-0.322149680197,0.829427994844,0.0501847061509,0.987403262622,-0.0955514618345,-0.11569879158,0.0507864436617,0.987216302684,-0.0960309913066,-0.116630860253
7.3,0.204810357128,-0.445270699807,0.796897403536,0.251663420011,-0.322313037951,0.829428152158,0.0501847061509,0.987403262622,-0.0955514618345,-0.11569879158,0.0507183450373,0.987190783851,-0.0962691520402,-0.116680144509
7.4,0.201193785702,-0.450534534999,0.794888965426,0.251600575741,-0.322231226172,0.829428534998,0.0501847061509,0.987403262622,-0.0955514618345,-0.11569879158,0.0507545203886,0.987203319196,-0.0961544275397,-0.116652952357
7.5,0.199160850083,-0.454622847386,0.791945390044,0.251693955773,-0.322355375237,0.829428443391,0.0501847061509,0.987403262622,-0.0955514618345,-0.11569879158,0.0507030996753,0.987183862927,-0.0963360493862,-0.116690111182
7.6,0.197873806988,-0.456652713366,0.788578025637,0.251580927205,-0.322203861989,0.829428452463,0.0501847061509,0.987403262622,-0.0955514618345,-0.11569879158,0.0507641788791,0.987207749807,-0.0961113043565,-0.116646791808
7.7,0.1965881348,-0.458671671696,0.786808304129,0.251703818096,-0.322370051144,0.829428804502,0.0501847061509,0.987403262622,-0.0955514618345,-0.11569879158,0.0506982378287,0.987181441005,-0.0963604215387,-0.116692589209
7.8,0.195150589977,-0.459932041713,0.785091392336,0.25148178957,-0.322260643841,0.8293516085,0.0501847061509,0.987403262622,-0.0955514618345,-0.11569879158,0.050847368825,0.987223279568,-0.0959372219319,-0.116622428423
7.9,0.194619154965,-0.461691541024,0.782813243208,0.251102825728,-0.326273689385,0.828066811707,0.0501847061509,0.987403262622,-0.0955514618345,-0.11569879158,0.0512455314681,0.987155828847,-0.0951591044488,-0.117652071459
8.0,0.193756198918,-0.464144778796,0.78013830596,0.250643398413,-0.334889830399,0.825863447866,0.0501847061509,0.987403262622,-0.0955514618345,-0.11569879158,0.051358564147,0.986889709776,-0.0955391397607,-0.119512641174
8.1,0.194259023701,-0.464211893626,0.777951888381,0.247820090912,-0.343654023805,0.823346363698,0.0501847061509,0.987403262622,-0.0955514618345,-0.11569879158,0.0519049578383,0.986950943604,-0.0929554058854,-0.120801501598
8.2,0.194341993366,-0.463432801314,0.776352576552,0.244951856594,-0.359575388136,0.819632833734,0.0501847061509,0.987403262622,-0.0955514618345,-0.11569879158,0.051322575308,0.986629068972,-0.0939015993248,-0.122929098135
8.3,0.194318151508,-0.465547335692,0.772113375006,0.238709291193,-0.375684775324,0.814970002516,0.0501847061509,0.987403262622,-0.0955514618345,-0.11569879158,0.051658245752,0.986796255248,-0.0906965949655,-0.12384952134
8.4,0.19278851751,-0.469267678805,0.766415468989,0.231324479657,-0.3972538183,0.809161910101,0.0501847061509,0.987403262622,-0.0955514618345,-0.11569879158,0.0508688226196,0.986706761553,-0.0915610463829,-0.124252582976
8.5,0.19124130014,-0.472389591285,0.760660700141,0.22287513351,-0.416218205748,0.803318762223,0.0501847061509,0.987403262622,-0.0955514618345,-0.11569879158,0.0503687946041,0.986812875235,-0.0921834024493,-0.123148504311
8.6,0.18828479055,-0.478569102832,0.752927772341,0.214926976227,-0.431521936018,0.798219503373,0.0501847061509,0.987403262622,-0.0955514618345,-0.11569879158,0.0498903129342,0.986969533136,-0.0930862983494,-0.121396204206
8.7,0.186539864575,-0.482717198678,0.744984857379,0.208176914189,-0.443362086249,0.793920716744,0.0501847061509,0.987403262622,-0.0955514618345,-0.11569879158,0.0496556861219,0.987094816013,-0.0943864169906,-0.119454348285
8.8,0.185140049492,-0.486186338015,0.738911680518,0.203529680323,-0.449995181134,0.79112412505,0.0501847061509,0.987403262622,-0.0955514618345,-0.11569879158,0.0497770604495,0.987283961462,-0.094308107857,-0.117892342778
8.9,0.184297716652,-0.490376723357,0.732309750853,0.200197160747,-0.456218728181,0.788970461946,0.0501847061509,0.987403262622,-0.0955514618345,-0.11569879158,0.049328205995,0.987211987468,-0.0966138713891,-0.116811727783
9.0,0.183485782181,-0.492987913438,0.727550379572,0.198662639493,-0.457711878574,0.788085932497,0.0501847061509,0.987403262622,-0.0955514618345,-0.11569879158,0.0495763783461,0.987342352463,-0.0958907532444,-0.116199075661
9.1,0.181571996246,-0.496162754842,0.723570577441,0.198657489373,-0.457727901231,0.788085835708,0.0501847061509,0.987403262622,-0.0955514618345,-0.11569879158,0.0495773296765,0.987339938315,-0.0959276521663,-0.116188726387
9.2,0.178168153797,-0.50009606535,0.721737317381,0.19866924439,-0.45774820131,0.788081050305,0.0501847061509,0.987403262622,-0.0955514618345,-0.11569879158,0.0495820616545,0.987333803433,-0.0959922508623,-0.116185487622
9.3,0.175665891205,-0.505461794682,0.716910592852,0.198666453978,-0.457724216485,0.78808036042,0.0501847061509,0.987403262622,-0.0955514618345,-0.11569879158,0.0495817259701,0.987340195822,-0.0959203580365,-0.11619068413
9.4,0.172743892704,-0.508971763201,0.712168030081,0.198660764904,-0.45774622664,0.78806658047,0.0501847061509,0.987403262622,-0.0955514618345,-0.11569879158,0.0495632649122,0.987336598693,-0.0959641559812,-0.116192962001
9.5,0.170777416264,-0.51201487834,0.707747511206,0.198431962983,-0.459166997489,0.785996872337,0.0501847061509,0.987403262622,-0.0955514618345,-0.11569879158,0.0497111173446,0.987359901563,-0.0953639624383,-0.116425702775
9.6,0.169417953526,-0.514241111823,0.703703991709,0.197608860049,-0.465002839947,0.779341889966,0.0501847061509,0.987403262622,-0.0955514618345,-0.11569879158,0.0495474176212,0.98719285962,-0.0961925099954,-0.117227609134
9.7,0.168732559715,-0.516108972378,0.699851564704,0.196390517491,-0.468680147599,0.774100761445,0.0501847061509,0.987403262622,-0.0955514618345,-0.11569879158,0.0496907292802,0.987188874213,-0.0958235291375,-0.117502380051
9.8,0.16704038385,-0.516529930182,0.69791238719,0.193816037618,-0.475504814024,0.764286694669,0.0501847061509,0.987403262622,-0.0955514618345,-0.11569879158,0.0497624140403,0.987173223959,-0.0955353712831,-0.117837688713
9.9,0.165268039738,-0.518266451903,0.693670086203,0.189904216394,-0.483956762671,0.751343054955,0.0501847061509,0.987403262622,-0.0955514618345,-0.11569879158,0.0497657900055,0.987191451876,-0.0953544372875,-0.117830109812
10.0,0.163282430206,-0.518370044776,0.686294726668,0.185910119003,-0.491489553547,0.739643140047,0.0501847061509,0.987403262622,-0.0955514618345,-0.11569879158,0.0494235936951,0.987154581719,-0.0963675260811,-0.117458248307
10.1,0.160391187702,-0.518655014582,0.677907339869,0.182480889933,-0.496565560682,0.730411398358,0.0501847061509,0.987403262622,-0.0955514618345,-0.11569879158,0.0492318873993,0.987257424981,-0.0961395087189,-0.11685971481
10.2,0.156288898026,-0.520245445319,0.671125702201,0.180700605576,-0.498829228065,0.725890207664,0.0501847061509,0.987403262622,-0.0955514618345,-0.11569879158,0.0492224222809,0.987326827986,-0.0959277245814,-0.116450674277
10.3,0.153629100357,-0.520043623992,0.665521733103,0.179141970826,-0.501042752636,0.722003352054,0.0501847061509,0.987403262622,-0.0955514618345,-0.11569879158,0.0490401396192,0.987330416994,-0.0963993773646,-0.116107159244
10.4,0.15156141523,-0.518615258284,0.662322334586,0.178691991477,-0.50117795952,0.721154285163,0.0501847061509,0.987403262622,-0.0955514618345,-0.11569879158,0.0493369170118,0.987365689601,-0.096190760895,-0.11585422365
10.5,0.149533426796,-0.518299413272,0.658124915896,0.178733028841,-0.501228449767,0.721138563723,0.0501847061509,0.987403262622,-0.0955514618345,-0.11569879158,0.0492120537874,0.987372733343,-0.0961028019268,-0.115920277233
10.6,0.148411488567,-0.517207813807,0.653693131743,0.178711831857,-0.501196428135,0.721148480275,0.0501847061509,0.987403262622,-0.0955514618345,-0.11569879158,0.0492634074952,0.987369234563,-0.096152960696,-0.115886666493
10.7,0.147367692028,-0.515230906554,0.649442843733,0.178696542337,-0.501198877992,0.721155676875,0.0501847061509,0.987403262622,-0.0955514618345,-0.11569879158,0.0492891009869,0.987362395321,-0.096234144267,-0.115866622923
10.8,0.145796692406,-0.514749003001,0.645829967795,0.17837929788,-0.501438284599,0.720131039018,0.0501847061509,0.987403262622,-0.0955514618345,-0.11569879158,0.0493531021739,0.987386378173,-0.0958547174874,-0.115949491764
10.9,0.145256435906,-0.51596154029,0.645949534712,0.176945671126,-0.503586112706,0.715499379631,0.0501847061509,0.987403262622,-0.0955514618345,-0.11569879158,0.0490819176,0.987307898696,-0.0961467091681,-0.116489865884
11.0,0.145410633122,-0.516358924456,0.647693208991,0.174529956802,-0.506016757123,0.708723334166,0.0501847061509,0.987403262622,-0.0955514618345,-0.11569879158,0.0489925081892,0.987278529418,-0.0958401193328,-0.117027821553
11.1,0.146977937256,-0.516748023577,0.650540999709,0.171302101815,-0.508249901917,0.701042723625,0.0501847061509,0.987403262622,-0.0955514618345,-0.11569879158,0.0490977416774,0.987248995186,-0.0957505201898,-0.11730588711
11.2,0.166150938666,-0.511585536815,0.689216536235,0.171302101815,-0.508249901917,0.701042723625,0.0491335856338,0.987221088697,-0.0957459738576,-0.117529235871,0.0490977416774,0.987248995186,-0.0957505201898,-0.11730588711
11.3,0.16075320408,-0.513924763601,0.677459420993,0.159645788115,-0.514401795791,0.675072091935,0.0493152379952,0.987320499807,-0.0948741128462,-0.117324936288,0.0493035481404,0.987343743667,-0.0947167675555,-0.11726135734
11.4,0.156130754638,-0.516246067231,0.668075463042,0.159645788115,-0.514401795791,0.675072091935,0.049095922211,0.987228773417,-0.0963936100915,-0.116949610059,0.0493035481404,0.987343743667,-0.0947167675555,-0.11726135734
11.5,0.152939775758,-0.516698855332,0.661431960074,0.154815884546,-0.51639345217,0.665276800138,0.0493582506757,0.987437864446,-0.094650030378,-0.11649720468,0.0492210760253,0.987332847327,-0.0954704828773,-0.11677551611
11.6,0.150226636191,-0.517885356604,0.656162722207,0.151733830261,-0.517418461095,0.659112686358,0.0491046148669,0.987378804097,-0.0958196821456,-0.116148278217,0.0491274822956,0.9873722141,-0.0955939784855,-0.11638037886
11.7,0.148843704149,-0.518080466295,0.653379071966,0.14952609717,-0.517805863861,0.654673359216,0.0491333537252,0.987457742971,-0.0952834882216,-0.115905894028,0.0492007581855,0.9874717591,-0.0949719970271,-0.116013491264
11.8,0.148726363433,-0.51801477296,0.653149406129,0.148682017503,-0.518302603261,0.653144347439,0.049170352599,0.987473376238,-0.0951304052605,-0.115882758173,0.0490565590912,0.987404403395,-0.0958914575966,-0.11589144285
11.9,0.149540145648,-0.519153638908,0.643475393468,0.148690160139,-0.518237601152,0.653154184867,0.049170352599,0.987473376238,-0.0951304052605,-0.115882758173,0.0490773620178,0.98741766053,-0.0957480022855,-0.1158882922
12.0,0.150344629539,-0.519914790221,0.637350658589,0.148736960213,-0.517957341608,0.653144612413,0.049170352599,0.987473376238,-0.0951304052605,-0.115882758173,0.0492061320626,0.987492721097,-0.0949244881854,-0.115871583622
12.1,0.149217148078,-0.522332712241,0.629804710561,0.148787225859,-0.518049582859,0.652564869149,0.049170352599,0.987473376238,-0.0951304052605,-0.115882758173,0.0491654736014,0.987490986672,-0.0949193602337,-0.115907818973
12.2,0.150860269321,-0.520191713401,0.618407646829,0.149308562196,-0.518980563663,0.647964438372,0.049170352599,0.987473376238,-0.0951304052605,-0.115882758173,0.0489512791807,0.987464314526,-0.0951093520041,-0.116069853819
12.3,0.154707629932,-0.516400857993,0.607394079381,0.149716486936,-0.520187458471,0.643469689661,0.049170352599,0.987473376238,-0.0951304052605,-0.115882758173,0.0486342245245,0.987364481859,-0.096095285057,-0.116240218335
12.4,0.158231456531,-0.513852401801,0.598082284146,0.149804745222,-0.519948875615,0.64297586465,0.049170352599,0.987473376238,-0.0951304052605,-0.115882758173,0.0487375007146,0.987454522363,-0.0950966510658,-0.116253383799
12.5,0.162824054015,-0.508269562551,0.59032462042,0.14977672904,-0.520035870507,0.642984480148,0.049170352599,0.987473376238,-0.0951304052605,-0.115882758173,0.0486874589554,0.987429944968,-0.0953655698035,-0.116262819581
12.6,0.167412061942,-0.503728791305,0.583734790498,0.149788844,-0.519962421769,0.642982544996,0.049170352599,0.987473376238,-0.0951304052605,-0.115882758173,0.0487234720317,0.98744874193,-0.095159896421,-0.116256610335
12.7,0.170309026492,-0.501369758674,0.57936505478,0.14978003695,-0.520016787788,0.642983716286,0.049170352599,0.987473376238,-0.0951304052605,-0.115882758173,0.0486987043598,0.987434126524,-0.0953187458339,-0.11626099373
12.8,0.173222501529,-0.499875261613,0.576423386746,0.149787746879,-0.519977049389,0.642982331256,0.049170352599,0.987473376238,-0.0951304052605,-0.115882758173,0.0487125397333,0.98744570036,-0.0951929526478,-0.116259963357
12.9,0.173874755157,-0.49649856908,0.575039366895,0.14978634243,-0.519992087514,0.642982088985,0.049170352599,0.987473376238,-0.0951304052605,-0.115882758173,0.0487011827616,0.987442614364,-0.0952266208708,-0.116263359719
13.0,0.173908908618,-0.492168738672,0.573242167645,0.149784568896,-0.52000293504,0.64298268611,0.049170352599,0.987473376238,-0.0951304052605,-0.115882758173,0.0486937454774,0.987440113178,-0.0952530474287,-0.116266069828
13.1,0.174155671848,-0.484641119071,0.571078817063,0.149787109398,-0.519973354014,0.642979042639,0.049170352599,0.987473376238,-0.0951304052605,-0.115882758173,0.0487016835629,0.987447424701,-0.0951722150711,-0.116266843714
13.2,0.173910696758,-0.477598353454,0.569560627156,0.150605969129,-0.519282943885,0.641123141204,0.049170352599,0.987473376238,-0.0951304052605,-0.115882758173,0.0485430978478,0.987425113402,-0.0952390880573,-0.116467717334
13.3,0.173560221446,-0.471293195316,0.565086940938,0.152599139007,-0.517574776218,0.636383258311,0.049170352599,0.987473376238,-0.0951304052605,-0.115882758173,0.0482889907927,0.987270191669,-0.096510644558,-0.116839366216
13.4,0.173113723052,-0.465580566951,0.562318543607,0.155059860879,-0.514501532,0.630309028755,0.049170352599,0.987473376238,-0.0951304052605,-0.115882758173,0.0484609531653,0.987194022523,-0.0967972083271,-0.117174222308
13.5,0.17326178099,-0.458613290616,0.559664944821,0.158772323209,-0.510588688432,0.620743297788,0.049170352599,0.987473376238,-0.0951304052605,-0.115882758173,0.0486280862266,0.986999096641,-0.0984129869807,-0.11740092186
13.6,0.174411494983,-0.448746903964,0.556467632466,0.163352611686,-0.505733259073,0.608378851595,0.049170352599,0.987473376238,-0.0951304052605,-0.115882758173,0.049085640789,0.987028337484,-0.0980034013942,-0.117307264001
13.7,0.175959546817,-0.441115870305,0.552506665402,0.16815021924,-0.50165397759,0.594224747362,0.049170352599,0.987473376238,-0.0951304052605,-0.115882758173,0.049110742722,0.987090115736,-0.0978964831179,-0.116865379639
13.8,0.122551341308,-0.228098555633,0.585428933316,0.171002281886,-0.499501121059,0.585064760863,0.049170352599,0.987473376238,-0.0951304052605,-0.115882758173,0.0489814545943,0.987223703062,-0.0971435218811,-0.116418698565
13.9,0.129062582505,-0.221784397193,0.580292801076,0.172344169188,-0.49812494127,0.580426963202,0.049170352599,0.987473376238,-0.0951304052605,-0.115882758173,0.049014492495,0.987408119392,-0.0955319852936,-0.116174115317
14.0,0.13562922622,-0.216002031394,0.576534847432,0.173586866048,-0.497489513557,0.576033459273,0.049170352599,0.987473376238,-0.0951304052605,-0.115882758173,0.0489536985766,0.987441958895,-0.0955994560829,-0.115856191918
14.1,0.138801951659,-0.212388380595,0.57294104498,0.173981696696,-0.496824772363,0.574594254374,0.049170352599,0.987473376238,-0.0951304052605,-0.115882758173,0.0490165776845,0.987581412073,-0.0942513747427,-0.115745444829
14.2,0.1397277012,-0.211420907804,0.571302870923,0.173980146294,-0.49707972669,0.574609534801,0.049170352599,0.987473376238,-0.0951304052605,-0.115882758173,0.0488876079742,0.987522387755,-0.0949190123475,-0.115758008636
14.3,0.137028057826,-0.212924405166,0.570860723668,0.173976368059,-0.496857711857,0.574599321312,0.049170352599,0.987473376238,-0.0951304052605,-0.115882758173,0.0490078553508,0.9875703361,-0.094366946088,-0.115749474533
14.4,0.135045577539,-0.213333471843,0.568701247388,0.173978127422,-0.49699219548,0.574605390677,0.049170352599,0.987473376238,-0.0951304052605,-0.115882758173,0.0489263805998,0.98754149101,-0.0946942260507,-0.115762758988
14.5,0.128283341182,-0.221377506086,0.55912737053,0.173984517053,-0.496946004715,0.574608562867,0.049170352599,0.987473376238,-0.0951304052605,-0.115882758173,0.0489284733101,0.987547115938,-0.0946264948247,-0.115769273896
14.6,0.120729584945,-0.230409189292,0.544394652062,0.174866025783,-0.494784680311,0.574972962771,0.049170352599,0.987473376238,-0.0951304052605,-0.115882758173,0.0485958103064,0.987487691434,-0.0949739943175,-0.116131162441
14.7,0.113174040569,-0.237573757001,0.529655377084,0.17722784152,-0.48720198021,0.575982750181,0.049170352599,0.987473376238,-0.0951304052605,-0.115882758173,0.0482998631659,0.987600999367,-0.0927740936778,-0.117065608997
14.8,0.112071414245,-0.238224490711,0.513610581571,0.180003648343,-0.477232305497,0.577353347924,0.049170352599,0.987473376238,-0.0951304052605,-0.115882758173,0.0480008072983,0.987643490378,-0.0908968747822,-0.118296308345
14.9,0.119546402944,-0.233751489946,0.500085035974,0.183150473709,-0.464729908987,0.579078550916,0.049170352599,0.987473376238,-0.0951304052605,-0.115882758173,0.0475106437571,0.98752307376,-0.0903971087061,-0.119871932739
15.0,0.130136270774,-0.223833396264,0.491504947358,0.186894878643,-0.440488359022,0.58144423431,0.049170352599,0.987473376238,-0.0951304052605,-0.115882758173,0.0478176723805,0.987670083996,-0.0852392664529,-0.122292856871
15.1,0.138864953769,-0.216395124027,0.485027352983,0.189137168619,-0.422484616883,0.582881784938,0.049170352599,0.987473376238,-0.0951304052605,-0.115882758173,0.0477056797582,0.98741151065,-0.0858023746204,-0.124018664982
15.2,0.143430848373,-0.211787595578,0.481429616624,0.18974745416,-0.394844207049,0.584096817569,0.049170352599,0.987473376238,-0.0951304052605,-0.115882758173,0.0485154178214,0.987369794075,-0.0830480381407,-0.125897447723
15.3,0.144707252038,-0.208855166265,0.480661193543,0.188000537206,-0.363417360197,0.584449509715,0.049170352599,0.987473376238,-0.0951304052605,-0.115882758173,0.0493570550961,0.98718396354,-0.0826818369516,-0.127261215934
15.4,0.146764118922,-0.205127789804,0.479142049962,0.182465162943,-0.329462949389,0.583608267979,0.049170352599,0.987473376238,-0.0951304052605,-0.115882758173,0.0503943305376,0.987137050412,-0.0821760363666,-0.127545890569
15.5,0.152110387338,-0.199904724189,0.473580757791,0.175797670109,-0.30102808527,0.581721004621,0.049170352599,0.987473376238,-0.0951304052605,-0.115882758173,0.0513889552809,0.98698168191,-0.0851597816319,-0.126388869928
15.6,0.158985395683,-0.193303688594,0.467513422185,0.167463703672,-0.276343158844,0.579545456083,0.049170352599,0.987473376238,-0.0951304052605,-0.115882758173,0.0515615639139,0.98704831342,-0.0865600521286,-0.124837452217
15.7,0.164065976394,-0.189487352201,0.463358978444,0.159235421923,-0.256201831899,0.577141855294,0.049170352599,0.987473376238,-0.0951304052605,-0.115882758173,0.0516395457087,0.987143366796,-0.0884386085758,-0.122718960327
15.8,0.167044539703,-0.186481281348,0.461043457204,0.151708041165,-0.240080573856,0.574807018744,0.049170352599,0.987473376238,-0.0951304052605,-0.115882758173,0.0514821818809,0.987256318319,-0.0903955744201,-0.120429178417
15.9,0.170888681663,-0.182774110862,0.457648376637,0.146829194345,-0.229765777048,0.57322416416,0.049170352599,0.987473376238,-0.0951304052605,-0.115882758173,0.050731040517,0.987242736937,-0.0928616440901,-0.118974177665
16.0,0.173530836356,-0.179562582799,0.453889707738,0.141063449562,-0.220467840563,0.571629329026,0.049170352599,0.987473376238,-0.0951304052605,-0.115882758173,0.0506673426966,0.98747287913,-0.092659539389,-0.11723627053
16.1,0.176972825778,-0.174005075523,0.448928813153,0.13818964546,-0.214800204985,0.570575314864,0.049170352599,0.987473376238,-0.0951304052605,-0.115882758173,0.0501180566722,0.98745015338,-0.0945154871582,-0.116177440459
16.2,0.181014020694,-0.16725559456,0.445175151044,0.136676469857,-0.213022784912,0.570292307699,0.049170352599,0.987473376238,-0.0951304052605,-0.115882758173,0.0501611175743,0.987559593212,-0.0937503583445,-0.115848100754
16.3,0.185252059949,-0.16061638219,0.443554202729,0.137571146793,-0.213438658392,0.57033461884,0.049170352599,0.987473376238,-0.0951304052605,-0.115882758173,0.0498847287513,0.987420134993,-0.0951986170841,-0.115975058325
16.4,0.188268054975,-0.154698892661,0.440307597333,0.137187398963,-0.213253249509,0.570308000664,0.049170352599,0.987473376238,-0.0951304052605,-0.115882758173,0.0500167764907,0.987481809466,-0.0945753121916,-0.115903012764
16.5,0.191427369369,-0.148688688108,0.437517682725,0.137152764173,-0.213240087268,0.570316532838,0.049170352599,0.987473376238,-0.0951304052605,-0.115882758173,0.0500057266531,0.987485986801,-0.0945215281197,-0.11591606401
16.6,0.195743043674,-0.141270472833,0.433630804235,0.137471757387,-0.213389919226,0.570323454159,0.049170352599,0.987473376238,-0.0951304052605,-0.115882758173,0.0499271133976,0.987437153326,-0.0950307349175,-0.115949605433
16.7,0.197704304708,-0.137025161811,0.431387881452,0.137012280403,-0.213173758369,0.570303036429,0.049170352599,0.987473376238,-0.0951304052605,-0.115882758173,0.0500644986746,0.987507991032,-0.0942952932686,-0.115887494097
16.8,0.199637581361,-0.133052750655,0.43016837042,0.137487680355,-0.213397944726,0.57032767951,0.049170352599,0.987473376238,-0.0951304052605,-0.115882758173,0.0499138985962,0.987434357859,-0.0950563270233,-0.115958123214
16.9,0.201493222965,-0.131004317828,0.429048279935,0.137085804686,-0.213207887058,0.570305484204,0.049170352599,0.987473376238,-0.0951304052605,-0.115882758173,0.0500438573357,0.987496747664,-0.094412467029,-0.115896815163
17.0,0.20145120169,-0.130756183692,0.4293545286,0.137762148464,-0.212864806621,0.569694206865,0.049170352599,0.987473376238,-0.0951304052605,-0.115882758173,0.050045815729,0.987389651852,-0.0949546918311,-0.116364505945
17.1,0.200883348239,-0.130703075954,0.429588894063,0.139228698836,-0.207910014919,0.564087810533,0.049170352599,0.987473376238,-0.0951304052605,-0.115882758173,0.0517580995099,0.987162128846,-0.092937918513,-0.119140982915
17.2,0.199653585208,-0.130639328786,0.429774920159,0.140895032405,-0.2031826174,0.55871660319,0.049170352599,0.987473376238,-0.0951304052605,-0.115882758173,0.0529859435891,0.986896313246,-0.0916227683132,-0.121792549073
17.3,0.198859472526,-0.130598231384,0.430306355172,0.143816387801,-0.195689601262,0.550082409294,0.049170352599,0.987473376238,-0.0951304052605,-0.115882758173,0.0542777032044,0.986442999808,-0.0901844853318,-0.125900348176
17.4,0.198940803064,-0.130295558997,0.430347720796,0.14710655219,-0.185119942197,0.537353173628,0.049170352599,0.987473376238,-0.0951304052605,-0.115882758173,0.056196326646,0.986001976414,-0.0871833487369,-0.130541713951
17.5,0.198916126741,-0.131280257531,0.429751257115,0.15298114612,-0.174339045344,0.521942798895,0.049170352599,0.987473376238,-0.0951304052605,-0.115882758173,0.0574408692082,0.985398184906,-0.0869003244079,-0.134682208726
17.6,0.199208994163,-0.131032808849,0.429659346753,0.160934333884,-0.160495191629,0.49954805178,0.049170352599,0.987473376238,-0.0951304052605,-0.115882758173,0.0586389004086,0.985057412158,-0.0861628938961,-0.137110648117
17.7,0.199532230151,-0.131378485986,0.429030219728,0.167665078078,-0.152620690828,0.484075752009,0.049170352599,0.987473376238,-0.0951304052605,-0.115882758173,0.0585167124361,0.985049596119,-0.0872327344364,-0.13654134024
17.8,0.199568201555,-0.131762071677,0.428875605279,0.17547127084,-0.14513739117,0.467727497561,0.049170352599,0.987473376238,-0.0951304052605,-0.115882758173,0.056871412289,0.98537411193,-0.0885731888174,-0.134008552806
17.9,0.200762827647,-0.132207795211,0.427883485967,0.183156265695,-0.140364634047,0.45410255304,0.049170352599,0.987473376238,-0.0951304052605,-0.115882758173,0.0555718586233,0.985844168212,-0.0907015610715,-0.129600429596
18.0,0.202386428369,-0.132664515802,0.426956454926,0.189659898431,-0.137016225961,0.443589468491,0.049170352599,0.987473376238,-0.0951304052605,-0.115882758173,0.0535926348422,0.986414814952,-0.0922845280542,-0.124888783389
18.1,0.205573756946,-0.133767171928,0.42553542059,0.194186098358,-0.135419058471,0.437127368998,0.049170352599,0.987473376238,-0.0951304052605,-0.115882758173,0.0523253162622,0.986813208578,-0.0935854883037,-0.121258026678
18.2,0.211760480655,-0.135503365823,0.424729923421,0.197608570204,-0.134210791945,0.432308502098,0.049170352599,0.987473376238,-0.0951304052605,-0.115882758173,0.0511050968906,0.987184482384,-0.094339183546,-0.118132067026
18.3,0.229129512561,-0.136481746265,0.424955467397,0.199660946038,-0.13371930821,0.429703935263,0.049170352599,0.987473376238,-0.0951304052605,-0.115882758173,0.0504866241058,0.987379348819,-0.0949348924431,-0.116277635463
18.4,0.199780207068,-0.133647995225,0.429505918743,0.199804142668,-0.13366565269,0.429512576349,0.0504058533724,0.987401341604,-0.094920220462,-0.116137815945,0.0503995487823,0.987396945581,-0.0949495690672,-0.116153935248
18.5,0.199814247984,-0.133646136624,0.429539400849,0.199786496993,-0.133644294351,0.429524404794,0.0503080441201,0.987396574846,-0.09496586441,-0.116183429435,0.0503577705701,0.987399561919,-0.0949293992427,-0.116166299865
18.6,0.199804206101,-0.133653411634,0.429524404764,0.199786496993,-0.133644294351,0.429524404794,0.0503569717665,0.987397334529,-0.0949513479144,-0.116167640456,0.0503577705701,0.987399561919,-0.0949293992427,-0.116166299865
18.7,0.199808670421,-0.133649736031,0.429531584077,0.19982375733,-0.133657380775,0.429531856238,0.0503328121771,0.987397102413,-0.0949587070204,-0.116174068219,0.0503283070626,0.987394893561,-0.0949787563632,-0.116178403834
18.8,0.199803656331,-0.133650846043,0.429526581087,0.199772597556,-0.133639746882,0.429518965299,0.0503490307017,0.987397607045,-0.094951566479,-0.116168587547,0.0503778421562,0.98740179367,-0.0949096874158,-0.116154733491
18.9,0.19980499688,-0.133651492126,0.429526205361,0.19980499688,-0.133651492126,0.429526205361,0.0503490065935,0.987397449747,-0.0949534525969,-0.116168393324,0.0503490065935,0.987397449747,-0.0949534525969,-0.116168393324
19.0,0.19979016795,-0.133646582125,0.429522071008,0.199803275781,-0.13365107482,0.429525483144,0.0503643922974,0.987399417107,-0.094933432075,-0.116161364313,0.050351589843,0.987397680591,-0.0949509440571,-0.116167361971
19.1,0.199802066459,-0.13365154603,0.429524087125,0.199803275781,-0.13365107482,0.429525483144,0.0503559677248,0.987397829752,-0.0949497373719,-0.116165182772,0.050351589843,0.987397680591,-0.0949509440571,-0.116167361971
19.2,0.199792567747,-0.133646901505,0.429523347617,0.199790684507,-0.133646787716,0.429522253968,0.050359987833,0.987399087255,-0.0949366889845,-0.116163415916,0.0503636493295,0.987399400863,-0.0949344504257,-0.116160992262
19.3,0.199800226102,-0.13365092061,0.429523346101,0.19981020057,-0.133656500657,0.429522960348,0.0503582212736,0.987398071064,-0.0949470808629,-0.116164326042,0.0503575337499,0.987396721043,-0.0949604717991,-0.116165153394
19.4,0.199794035046,-0.133647498984,0.429523837482,0.199784932022,-0.133642429128,0.429524025215,0.050358381364,0.987398907768,-0.0949389591742,-0.116163782633,0.0503594679544,0.987400132451,-0.0949267222473,-0.116162902109
19.5,0.199798947876,-0.133650265368,0.429523298044,0.199807365105,-0.133654814691,0.429523078051,0.0503586643842,0.987398241387,-0.094945409282,-0.116164052462,0.0503575983404,0.987397106305,-0.0949564556887,-0.116165133641
19.6,0.199795187722,-0.133647956063,0.429523718816,0.199801030665,-0.133651134792,0.429523524795,0.0503581394216,0.987398729073,-0.0949404485447,-0.116164189183,0.0503574989324,0.987397946669,-0.0949481407106,-0.116164830262
19.7,0.199798054137,-0.133649716979,0.42952344788,0.199793049202,-0.133646956967,0.429523614029,0.0503584471385,0.987398358924,-0.0949442934079,-0.116164059614,0.0503588773504,0.987399026121,-0.0949376815651,-0.116163605772
19.8,0.19980007292,-0.133650748897,0.429523646551,0.199793049202,-0.133646956967,0.429523614029,0.0503575800758,0.98739808847,-0.0949471411228,-0.116164406802,0.0503588773504,0.987399026121,-0.0949376815651,-0.116163605772
