time,left: target position x,left: target position y,left: target position x,left: current position x,left: current position y,left: current position z,right: target position x,right: target position y,right: target position x,right: current position x,right: current position y,right: current position z
0.2,0.42951537996000005,0.408101806487,0.615158774717,0.42951230569399995,0.408097118876,0.615162843953,0.40396357609300004,-0.46258884582599996,0.651480839248,0.403954674576,-0.462584123797,0.6514920112120001
0.3,0.42951351816600003,0.408095597949,0.615159164217,0.42951376090099996,0.40809762524099996,0.615160670276,0.403962268688,-0.462588143679,0.651481393249,0.403961354899,-0.462586056158,0.651483979516
0.4,0.42951351816600003,0.408095597949,0.615159164217,0.429513240809,0.40809554162699996,0.615160011085,0.403962268688,-0.462588143679,0.651481393249,0.403959806825,-0.46258794607000003,0.651486796624
0.5,0.429512171722,0.408096327074,0.615161792828,0.429512171722,0.408096327074,0.615161792828,0.403952655061,-0.46258618122199996,0.6514966951,0.403952655061,-0.46258618122199996,0.6514966951
0.6,0.429514179155,0.40809907035,0.6151600885549999,0.429512171722,0.408096327074,0.615161792828,0.403961575484,-0.462587101109,0.6514828572829999,0.403952655061,-0.46258618122199996,0.6514966951
0.7,0.429514549887,0.40809700120700004,0.6151588167600001,0.42951336100000004,0.40810029329499997,0.615162497952,0.403965102478,-0.46258755266199997,0.651479079453,0.40395226549999996,-0.46258495183799997,0.6514980335239999
0.8,0.429511874773,0.408097936788,0.615163528694,0.42951237552500005,0.408096584042,0.615162831999,0.40395133513099996,-0.462583739032,0.651496502439,0.403951839842,-0.462584755117,0.651497735724
0.9,0.429511874773,0.408097936788,0.615163528694,0.42951319072300004,0.40810007217,0.615161624466,0.40395133513099996,-0.462583739032,0.651496502439,0.403953754918,-0.46258664056000004,0.651495221757
1.0,0.42951399549099994,0.40809862445699996,0.615161290126,0.429512604458,0.408097692209,0.615162631507,0.40395498458000006,-0.462585740578,0.651495716387,0.403956065244,-0.462584394256,0.651490038077
1.1,0.429514984884,0.408099780728,0.615158701374,0.429514984884,0.408099780728,0.615158701374,0.40396464185500003,-0.462588560218,0.6514786837,0.40396464185500003,-0.462588560218,0.6514786837
1.2,0.429513452702,0.408097206767,0.6151614792010001,0.429514984884,0.408099780728,0.615158701374,0.403956177355,-0.462585949714,0.651492741442,0.40396464185500003,-0.462588560218,0.6514786837
1.3,0.429512771828,0.40809949049000005,0.615162336467,0.429514572191,0.408097300406,0.615158407897,0.403951820133,-0.462585698846,0.6514979501899999,0.403965507329,-0.46258892876900004,0.651477467267
1.4,0.429513261695,0.408096840758,0.6151606302970001,0.429514307976,0.408099831573,0.615160212334,0.403960484322,-0.46258702006499997,0.651484848375,0.40395982554,-0.462587381135,0.651486369125
1.5,0.429514357631,0.40809840891000004,0.615158971748,0.429513939809,0.40809802562700004,0.615159489175,0.40396417651999994,-0.462587956523,0.651479096571,0.40396242954800005,-0.462588221699,0.651481138052
1.6,0.429514357631,0.40809840891000004,0.615158971748,0.429513315063,0.408099440385,0.6151625388849999,0.40396417651999994,-0.462587956523,0.651479096571,0.40395337461099995,-0.462585265383,0.6514958947199999
1.7,0.42951397371000005,0.408097618332,0.615161095113,0.429513359529,0.408098253533,0.615161175149,0.40395497378300005,-0.46258559034999996,0.651496143696,0.40395742598000006,-0.46258683154700003,0.651489523574
1.8,0.433730763909,0.396902435532,0.615441356152,0.42951425447700003,0.40809847224299994,0.615159327852,0.40558072027099995,-0.469722561109,0.651072831508,0.403961238285,-0.46258832748000006,0.65148450537
1.9,0.440154952523,0.381840669623,0.6120235662160001,0.42951410413,0.408098397281,0.615159311879,0.40816556509900004,-0.479309670198,0.6478240207399999,0.403961238285,-0.46258832748000006,0.65148450537
2.0,0.445897711036,0.365512960663,0.6087268929190001,0.42951410413,0.408098397281,0.615159311879,0.41005923446599996,-0.490136317479,0.645584197399,0.40396332688500003,-0.462588494015,0.651479327153
2.1,0.449616683242,0.35309948872599994,0.606600974053,0.429512456813,0.408097936027,0.615162568117,0.41128762659,-0.500004820096,0.644309730884,0.403951407109,-0.462585257783,0.651498645664
2.2,0.453501803395,0.34507658433,0.604011807889,0.429514330224,0.408097896397,0.615160029703,0.412556043233,-0.508456579911,0.64273986375,0.40396078628700005,-0.462587109481,0.651485783653
2.3,0.455465418813,0.340082966795,0.602191064805,0.42951324787199996,0.408098072034,0.615159872925,0.412708809938,-0.515499852168,0.64125242984,0.40396220945600003,-0.462587939265,0.6514801855160001
2.4,0.457522822139,0.335267656556,0.600176606626,0.42951324787199996,0.408098072034,0.615159872925,0.41435005363399996,-0.523075900542,0.639590831158,0.40396220945600003,-0.462587939265,0.6514801855160001
2.5,0.459704411742,0.33093863081,0.598414574117,0.429513939771,0.408097650854,0.615160985472,0.416090509261,-0.528931758868,0.637619884369,0.40395480541400003,-0.46258547659500004,0.651496368462
2.6,0.4619112141100001,0.326413416377,0.596909199208,0.42951396791599994,0.408098090797,0.615159781817,0.41766225394199996,-0.534203640687,0.6363162711829999,0.40395978483,-0.46258789890199997,0.651486812821
2.7,0.46348266076800004,0.322710924855,0.595591340512,0.42951396791599994,0.408098090797,0.615159781817,0.41799168881300003,-0.538548998105,0.636139901039,0.40395978483,-0.46258789890199997,0.651486812821
2.8,0.463922781465,0.32026865433699997,0.595278177709,0.429513487214,0.40809878321000004,0.615161175152,0.418334624137,-0.541572741735,0.636072786209,0.40395742456100003,-0.462586823536,0.6514895234179999
2.9,0.46413860988300004,0.318617248049,0.594397638291,0.429861918066,0.40807614173199996,0.6149859453109999,0.41900499757700005,-0.543163589704,0.635683508274,0.404040726875,-0.462733045274,0.6513872859350001
3.0,0.464519513366,0.317414515725,0.5931483845409999,0.43237856423199994,0.404764789475,0.6132671351519999,0.419111183252,-0.543091110456,0.63400122678,0.40517366294699997,-0.466559711988,0.650414729778
3.1,0.465159905669,0.316464834919,0.591885600537,0.435596618887,0.39667971393,0.6109617855830001,0.420298388566,-0.543532304036,0.632754178402,0.40517366294699997,-0.466559711988,0.650414729778
3.2,0.464948130366,0.316501074544,0.5914147238440001,0.435596618887,0.39667971393,0.6109617855830001,0.42100243863000003,-0.54299517678,0.632236750481,0.406931014753,-0.473730469996,0.649140002694
3.3,0.465639156816,0.316532277575,0.590590272397,0.44579184667800004,0.374557213888,0.6052265577579999,0.421376547183,-0.54347499417,0.632187755463,0.41138955276,-0.493918947442,0.645622458741
3.4,0.46575622033799996,0.314321273079,0.589097772092,0.45200473110699996,0.360224594595,0.60165573317,0.42161884006399997,-0.545895300376,0.631561072227,0.413876899944,-0.5062580318500001,0.64290569397
3.5,0.46624059748400004,0.310013913622,0.586273346394,0.45200473110699996,0.360224594595,0.60165573317,0.42183666523900004,-0.547972581851,0.629804880974,0.413876899944,-0.5062580318500001,0.64290569397
3.6,0.467795205829,0.304291986933,0.5818563441929999,0.456712492501,0.34600492013899997,0.598624049122,0.42276086505800003,-0.5503645758510001,0.627189607975,0.41578099604099994,-0.519521550717,0.640270814371
3.7,0.47027851414399996,0.29758491467500003,0.577019486875,0.459565464781,0.334698118561,0.596564097068,0.423745891418,-0.55364253329,0.624190659878,0.41700585505800003,-0.527970032107,0.638153942968
3.8,0.472914827582,0.289641761294,0.571806345433,0.463061874654,0.323225469037,0.5943669076820001,0.424266895618,-0.557913921344,0.620014102814,0.418162578949,-0.538423976769,0.635598264531
3.9,0.47483019303999996,0.281831764689,0.5664099793140001,0.463793673398,0.322526430954,0.594110665344,0.425295045938,-0.562180630433,0.614279599544,0.418317050304,-0.539294707145,0.635265857306
4.0,0.47690056037600004,0.276165925971,0.560126278848,0.463793673398,0.322526430954,0.594110665344,0.426662674512,-0.567825309503,0.60784283435,0.418317050304,-0.539294707145,0.635265857306
4.1,0.478516650912,0.272671991101,0.554372821301,0.46353165535199997,0.321886032529,0.594117562271,0.427859982814,-0.571146301496,0.601562829372,0.41831765467,-0.539329728602,0.635262724888
4.2,0.48022545647299997,0.270636194459,0.549989257306,0.464410978626,0.324064497113,0.594114337122,0.428965499963,-0.57497625755,0.5964177564350001,0.418331874858,-0.5390286776609999,0.635268513869
4.3,0.481741858241,0.269180976859,0.546880875081,0.463800903174,0.322555620951,0.594118250986,0.428351721133,-0.578279964196,0.595059366581,0.41831753473399996,-0.539296115917,0.6352655382
4.4,0.48156134557400004,0.267165177575,0.545976613015,0.463800903174,0.322555620951,0.594118250986,0.428306034173,-0.579299889076,0.59491768634,0.41831753473399996,-0.539296115917,0.6352655382
4.5,0.48120365810099996,0.26628505539,0.545644376725,0.464026329891,0.323104648208,0.594113233956,0.429099521007,-0.580233417022,0.594572158214,0.418329755135,-0.539081294616,0.635266912474
4.6,0.481656236169,0.2649967904,0.545253310651,0.465965346914,0.320214024975,0.590526734322,0.42946695384000005,-0.580370597112,0.59434303796,0.419418470257,-0.54126843405,0.63223299694
4.7,0.482146991012,0.264569216481,0.544714246243,0.469034369796,0.312216599573,0.583181729256,0.430686375465,-0.58019181298,0.5934811547959999,0.42129621309500004,-0.5482584620359999,0.626129895389
4.8,0.482882095096,0.264296078196,0.543762240857,0.469034369796,0.312216599573,0.583181729256,0.43089055117499997,-0.580719761121,0.593207033035,0.42129621309500004,-0.5482584620359999,0.626129895389
4.9,0.483704996821,0.264329844227,0.542469892949,0.47240571064900005,0.302386427311,0.5749938731600001,0.431018850173,-0.581047556865,0.592857630607,0.42339078953599996,-0.554359533582,0.619031630261
5.0,0.48360152315800004,0.263872736207,0.541232023686,0.47824623666,0.275729368671,0.55388647693,0.431136599149,-0.580859355199,0.59116503751,0.427354727022,-0.5726942435360001,0.601238039535
5.1,0.484404427526,0.262429081908,0.538479779214,0.483134720784,0.27546328599500003,0.547547941549,0.43125858005400003,-0.5806855480550001,0.588338406441,0.428516478275,-0.575910348072,0.596154532865
5.2,0.484346670625,0.261499785891,0.535879347772,0.483134720784,0.27546328599500003,0.547547941549,0.431217214431,-0.580847315061,0.585958452579,0.428516478275,-0.575910348072,0.596154532865
5.3,0.48482335877099997,0.26024895261799996,0.532994006127,0.480143617672,0.265407563982,0.5450959109,0.43166213330200004,-0.5816126387,0.5829078868600001,0.428504532231,-0.5799611105879999,0.594109461189
5.4,0.484548044917,0.25914701174800003,0.530429039449,0.48278490585699996,0.270701746747,0.545183804578,0.43172003921400004,-0.581830404269,0.579060585853,0.428366552393,-0.580747063209,0.5941376363399999
5.5,0.485052449224,0.259087794533,0.526898298711,0.48278490585699996,0.270701746747,0.545183804578,0.43187530931400003,-0.5807795147770001,0.574722142574,0.428366552393,-0.580747063209,0.5941376363399999
5.6,0.485384745118,0.260925524941,0.524228368253,0.48379061231299997,0.27256165003800004,0.544970662879,0.431858977641,-0.578365079629,0.572987230179,0.428556786886,-0.579726239697,0.594013335059
5.7,0.48562647175499996,0.262367689124,0.522155855149,0.48208054130000005,0.265461386515,0.540826648844,0.43142636713,-0.576674572694,0.571084053871,0.42977403270000003,-0.578566085458,0.590170779087
5.8,0.48591838550300004,0.26253496955899996,0.520495090932,0.482264123117,0.261608988258,0.536277258206,0.431740722026,-0.577596269119,0.569933505413,0.43051246745300004,-0.580606616938,0.5858458564419999
5.9,0.486032886025,0.26157932829,0.518488440961,0.482264123117,0.261608988258,0.536277258206,0.431702396239,-0.578882388341,0.568275959846,0.43051246745300004,-0.580606616938,0.5858458564419999
6.0,0.486302775857,0.261692696324,0.516434226483,0.48383704024499996,0.2575642399,0.528834169134,0.432279220189,-0.5781371514679999,0.566036017296,0.431856989239,-0.582269216112,0.578447817796
6.1,0.485831839559,0.26362707566300003,0.5138963799180001,0.48500585018200004,0.2595321463,0.528594065428,0.432157418098,-0.5773291807050001,0.564472051021,0.43178303704800003,-0.583094322357,0.578134161007
6.2,0.486445081946,0.267156981936,0.509331260175,0.48568003209399996,0.26082324670400003,0.52851316355,0.43189789947400004,-0.575795881021,0.561859639046,0.43206973666799997,-0.5813900063499999,0.578119374193
6.3,0.485663277623,0.271753513327,0.505273495168,0.483881590182,0.257375284353,0.528599787402,0.43114017542800004,-0.571845076549,0.558454008457,0.43170004645599996,-0.583506706738,0.578151964522
6.4,0.484056694028,0.27705981682799996,0.50166973874,0.485746571344,0.261041335059,0.5284099382680001,0.42997505363399996,-0.567461959588,0.554631920215,0.43207881794299996,-0.581248893986,0.577929150276
6.5,0.48282094073,0.283481949082,0.497700546235,0.485746571344,0.261041335059,0.5284099382680001,0.428399136628,-0.561814121473,0.551278741714,0.43207881794299996,-0.581248893986,0.577929150276
6.6,0.481234741923,0.28941547226,0.49438772007799997,0.48462318731799997,0.259343353404,0.524303826458,0.42641549405,-0.554967455137,0.547556252834,0.431894025096,-0.582396255221,0.574931140418
6.7,0.479123366591,0.29504244875,0.491088781804,0.48647010261999996,0.264758233351,0.515292928543,0.424540093507,-0.5440009753580001,0.541872949955,0.432112386806,-0.579310442861,0.567771622125
6.8,0.476259840247,0.30371805380899997,0.48619077011999995,0.48544785671499996,0.263984562436,0.511023353401,0.421443155374,-0.529886953103,0.536789985058,0.432098633544,-0.5775693794969999,0.564026548221
6.9,0.47417057823799996,0.313773893824,0.48265245959200004,0.48738369369400003,0.268807270699,0.507799489186,0.418645402755,-0.5148203890199999,0.5326023415300001,0.432052167778,-0.576344522471,0.561214935986
7.0,0.471562606809,0.323892139903,0.48062017962399994,0.486697559937,0.26754037951,0.507506816856,0.41707604225999995,-0.502243034112,0.529719443676,0.431992065427,-0.576581894505,0.560929538386
7.1,0.46820573282,0.334123455992,0.479253087491,0.486697559937,0.26754037951,0.507506816856,0.4150092214,-0.490481189954,0.527332039234,0.431992065427,-0.576581894505,0.560929538386
7.2,0.464976502177,0.343957387915,0.47558167979099997,0.486082866821,0.266294280695,0.5074750502600001,0.41304158266900004,-0.480083994138,0.525166721699,0.432050431678,-0.576190067161,0.560930233233
7.3,0.46263052296400003,0.352657848111,0.471317027062,0.48606402398500004,0.266279111305,0.507536064721,0.410492798652,-0.47124680088699994,0.523204834816,0.432063779647,-0.576070584039,0.560939029253
7.4,0.460558188674,0.36059891533,0.468601022214,0.48683556728699995,0.267810503952,0.507509101335,0.408015033569,-0.46421983050099996,0.521828027126,0.43199169526799996,-0.576551089293,0.560940899605
7.5,0.457671714541,0.36717804621699995,0.466893110722,0.48695523851800004,0.268050185522,0.507480724021,0.402528694238,-0.457493178117,0.52181062257,0.43204426306000004,-0.576206188837,0.560937237758
7.6,0.454008174655,0.37658759306999995,0.465926800221,0.48695523851800004,0.268050185522,0.507480724021,0.39673658308,-0.446667931545,0.520632655975,0.43204426306000004,-0.576206188837,0.560937237758
7.7,0.450900984523,0.384749495497,0.46576539084299995,0.486310884387,0.266762545678,0.5075171547899999,0.39408390816600003,-0.440967939365,0.519817443249,0.432014420029,-0.5763981988319999,0.5609406060100001
7.8,0.448060554978,0.390788369885,0.466471825093,0.4864370047,0.267018279845,0.507514856531,0.39193364080399995,-0.438849590289,0.51982721841,0.432033377859,-0.576274271238,0.560939796895
7.9,0.446091724154,0.392962836733,0.46567127510899997,0.486586641913,0.267309229089,0.507498064309,0.39232050475,-0.438288531768,0.519575686809,0.432007753429,-0.576442307992,0.560939809261
8.0,0.44517008733499996,0.393860482684,0.46583334013800004,0.48652015584799996,0.26836169642200003,0.506947113122,0.392274400558,-0.43864595102,0.5191658452719999,0.43186716296000005,-0.575729361533,0.5605404216969999
8.1,0.445233625886,0.393396579733,0.46611717745700004,0.48652015584799996,0.26836169642200003,0.506947113122,0.392563125457,-0.439529619682,0.518982978222,0.43186716296000005,-0.575729361533,0.5605404216969999
8.2,0.44563631486599997,0.392193459979,0.46600708767800003,0.48495302927699996,0.271847321186,0.504002296393,0.392769715156,-0.43984099434600005,0.519234509823,0.431252045583,-0.570193047189,0.558368891935
8.3,0.446027768371,0.391552531233,0.46538409993100005,0.485153061012,0.285769821773,0.49915385522100003,0.39364977773599996,-0.440593622195,0.519194038269,0.42994231179,-0.55792717355,0.554579714132
8.4,0.446009678361,0.39199068497699996,0.464939628095,0.479483090357,0.30518805200800003,0.49096670654200003,0.393672636117,-0.440450034606,0.519406290409,0.425485869159,-0.534019772947,0.547284896259
8.5,0.445604187963,0.392524891606,0.463169250936,0.476579119688,0.32588075540399997,0.485080917756,0.392095318402,-0.43755613969499996,0.517952413914,0.421023244287,-0.514786055098,0.541726037059
8.6,0.444194836137,0.39677473258100004,0.461161170453,0.470003865613,0.340729994783,0.479406535832,0.38988356884900005,-0.432134143579,0.515036554691,0.41528402484800003,-0.495042799077,0.535959553609
8.7,0.44231502485,0.402840101233,0.459306750745,0.470003865613,0.340729994783,0.479406535832,0.386962017383,-0.426213554609,0.512184353229,0.41528402484800003,-0.495042799077,0.535959553609
8.8,0.439695400712,0.408821844569,0.457625899762,0.465263174454,0.359170679427,0.474696969302,0.38501348193999996,-0.421263478267,0.509904117939,0.40920117528899996,-0.477173282539,0.530871736157
8.9,0.43692548346199994,0.415252023449,0.455913577527,0.455475339179,0.378167531892,0.468842518681,0.38045125302199995,-0.41351120876100006,0.50761518037,0.399426223737,-0.45387748882,0.523960873354
9.0,0.434365940806,0.422538482657,0.45396563813100005,0.451829974025,0.384282987904,0.467045436341,0.375703057613,-0.404896430242,0.5044967249600001,0.39595144702699997,-0.447378013671,0.521662831595
9.1,0.431485099313,0.432166540137,0.451453361958,0.451829974025,0.384282987904,0.467045436341,0.370427986945,-0.396904490459,0.501647980568,0.39595144702699997,-0.447378013671,0.521662831595
9.2,0.428236586568,0.440777056923,0.449733410329,0.44838749498400005,0.39178159069300006,0.465310372641,0.36663424071199996,-0.390860013234,0.49958154713799996,0.39202265628399996,-0.43934350532,0.519353226585
9.3,0.426512671229,0.445655220261,0.448988113851,0.44786973825599996,0.38981270758599995,0.465312125837,0.36305641230499996,-0.388043038118,0.499469073173,0.39193079506300005,-0.438828443344,0.5193506154749999
9.4,0.42647982907,0.446901672593,0.448130403012,0.448366604485,0.391665680084,0.465308777634,0.357454618777,-0.383258930909,0.49864456212200003,0.39202388317500003,-0.439323563172,0.519357961708
9.5,0.42699430656099996,0.44921203803099996,0.446519289464,0.447982639547,0.39023255761,0.46531323164899996,0.35060005482600004,-0.37660651611100004,0.49748394047899996,0.391938968107,-0.438865044059,0.51935690003
9.6,0.427266401765,0.450940632334,0.444674227685,0.447982639547,0.39023255761,0.46531323164899996,0.34436075982000003,-0.371370218265,0.497024627086,0.391938968107,-0.438865044059,0.51935690003
9.7,0.426443529841,0.450648688784,0.442854438275,0.447921291168,0.391629500016,0.464875961318,0.34110637601800003,-0.367088518607,0.49527499234399996,0.391606061393,-0.438699637743,0.519202742032
9.8,0.425597412107,0.450377428046,0.44144961640299996,0.446342658813,0.39882607943099996,0.462134744947,0.34153254922799997,-0.367150626647,0.495384009239,0.388102943967,-0.43267540774999996,0.518101993821
9.9,0.424828959224,0.450976931563,0.439978275746,0.444713866898,0.403058661743,0.4607147323,0.342298766937,-0.367261610496,0.49504062688100003,0.38535108012599995,-0.428011889355,0.517308983001
10.0,0.42396346997900003,0.452039294949,0.437096748799,0.442306024922,0.41016754727399996,0.458618428597,0.342140665616,-0.365165523755,0.493153365013,0.381144103618,-0.42096675897200003,0.515688286941
10.1,0.42307747673699997,0.454520427695,0.43161896273500006,0.442306024922,0.41016754727399996,0.458618428597,0.340405812825,-0.363226137626,0.489762277958,0.381144103618,-0.42096675897200003,0.515688286941
10.2,0.42271007370700003,0.457662724963,0.42481235071999995,0.439327255076,0.419321012362,0.456089609026,0.33906652626,-0.359699807632,0.48331788336900006,0.37496221981600003,-0.41073461796800004,0.512464165292
10.3,0.42182646465,0.46012758563999995,0.421041880101,0.435204786465,0.42899097507100004,0.45306065141400004,0.337697169151,-0.356062106359,0.47898778474,0.369673071294,-0.40213129416500004,0.508975155287
10.4,0.420885098693,0.46305190872199997,0.42012504145499996,0.430313235982,0.439677215093,0.449719292346,0.336477836932,-0.354804150331,0.47843781268299995,0.362533103767,-0.390977751316,0.5032484316920001
10.5,0.420554382321,0.463413410893,0.419798050374,0.42850637922300006,0.443122691081,0.44856994857500004,0.33582445081600004,-0.353566102254,0.478071482536,0.36024917747,-0.38784962592200006,0.500985660987
10.6,0.42035446834299994,0.46390738438699997,0.419337962121,0.42712534568599997,0.44601027803000004,0.44768699401900003,0.335014811124,-0.352155707347,0.477431507465,0.35813297520900006,-0.384473817482,0.499106136764
10.7,0.420479459283,0.46329557251000003,0.41963503167099997,0.42650144384099997,0.44736947507200003,0.447288644106,0.3336362749,-0.35613387035099997,0.479350419399,0.357408541897,-0.38361176015500004,0.49827655986599995
10.8,0.420479459283,0.46329557251000003,0.41963503167099997,0.42650144384099997,0.44736947507200003,0.447288644106,0.3336362749,-0.35613387035099997,0.479350419399,0.357408541897,-0.38361176015500004,0.49827655986599995
10.9,0.42637592149400005,0.446675030404,0.44727768194899997,0.426392111827,0.446760286807,0.44728135020000004,0.357383179275,-0.383569053275,0.49827593637400003,0.35740565098300003,-0.383626775145,0.498244697238
11.0,0.42646742295199996,0.447270212255,0.447278613614,0.42646241415799996,0.44724090125699995,0.44727879188999997,0.35735986444799994,-0.383502240422,0.49825927509499995,0.357343386762,-0.38345921279399997,0.498268379493
11.1,0.42643433459200003,0.447050956682,0.447279091136,0.42643433459200003,0.447050956682,0.447279091136,0.35737258135600003,-0.383538077937,0.49825840816399997,0.35737258135600003,-0.383538077937,0.49825840816399997
11.2,0.426425540126,0.446996453158,0.44727888935599996,0.42643433459200003,0.447050956682,0.447279091136,0.357376867697,-0.383549156617,0.49825793022799997,0.35737258135600003,-0.383538077937,0.49825840816399997
11.3,0.42641673785499995,0.446934059615,0.447279198652,0.426409347415,0.44688980423,0.447279238588,0.357367652207,-0.38352488871299995,0.498262894942,0.35738860833,-0.383582393337,0.498258932941
11.4,0.42643857956500003,0.44708251285499995,0.44727883943999996,0.426431551256,0.447032735768,0.44727894262400003,0.357379957337,-0.38355796856700003,0.498259083077,0.35735832387500005,-0.38349886706,0.498258242526
11.5,0.42643857956500003,0.44708251285499995,0.44727883943999996,0.426413591068,0.446916629939,0.447279072595,0.357379957337,-0.38355796856700003,0.498259083077,0.357387988122,-0.383580710917,0.498260489452
11.6,0.423737449895,0.45091349361999994,0.44360497314400005,0.426442360769,0.447106714856,0.447278832415,0.35386979544200003,-0.379745730451,0.496930441431,0.35738061383,-0.383560250299,0.498261354588
11.7,0.421359969627,0.45749369739100004,0.437643078155,0.426408454919,0.44688135196199996,0.447279179105,0.35177653992200003,-0.37096128731100003,0.49403234439300003,0.357365796099,-0.38351943974799996,0.49825907046400003
11.8,0.418894542705,0.462843840109,0.429432240314,0.426408454919,0.44688135196199996,0.447279179105,0.34883940184100004,-0.364826062015,0.487850269846,0.357365796099,-0.38351943974799996,0.49825907046400003
11.9,0.416935487043,0.465239171968,0.422714141197,0.42643916465099996,0.44708507457400004,0.44727895617700003,0.346749156356,-0.359096714548,0.481754502825,0.35738016920599996,-0.383559018187,0.498260778317
12.0,0.41550345564999996,0.466472034441,0.416732815094,0.42638772612099995,0.44693326982299997,0.447183267869,0.34441849553599996,-0.356748827985,0.476507625155,0.357399819136,-0.38351978191799996,0.498126546571
12.1,0.414761944066,0.468349491344,0.411366370506,0.42630573017800005,0.448065990974,0.44709739318999997,0.34288382494499997,-0.354918428949,0.471002957396,0.35737543793000004,-0.382863353062,0.497725002708
12.2,0.41433413172899997,0.47127771853100003,0.40690812189099995,0.426173856935,0.44859789610699996,0.447405757396,0.341643899322,-0.349833586506,0.464591464571,0.357379364437,-0.38242814178400003,0.49760655202299997
12.3,0.414202554475,0.47399124978600005,0.403574255294,0.426173856935,0.44859789610699996,0.447405757396,0.340302556396,-0.34693838029299995,0.4608524056,0.357379364437,-0.38242814178400003,0.49760655202299997
12.4,0.41338296080700004,0.47462019799800004,0.401449051685,0.425990662721,0.44956601241899996,0.44756263873,0.33965828979,-0.345874288372,0.458530149035,0.35714448395900006,-0.38157659369499997,0.497435107594
12.5,0.41257758284699997,0.473601673828,0.39928027708,0.425172958639,0.45077277981799996,0.446762573936,0.340292721629,-0.345463433555,0.455486974291,0.356111065608,-0.380283135709,0.496939256968
12.6,0.41338099385399996,0.47402954577100004,0.39717510063100003,0.424671526637,0.4507431350399999,0.445805949978,0.340593307853,-0.34457383423199994,0.453674754671,0.355553964569,-0.380286560211,0.496774591781
12.7,0.413583739053,0.474089359032,0.39586201030699997,0.424298624136,0.451097057272,0.44483043408600004,0.340195089221,-0.344116666607,0.452854833178,0.354814121947,-0.37984653417099995,0.496587832823
12.8,0.413302971374,0.47410899876199997,0.39566674549099995,0.424298624136,0.451097057272,0.44483043408600004,0.340742200256,-0.343059399418,0.451509079508,0.354814121947,-0.37984653417099995,0.496587832823
12.9,0.412840081703,0.474178765999,0.39560642559,0.423765012373,0.451159397937,0.443389791519,0.340835690141,-0.34246216087700004,0.450864991717,0.35397944106299994,-0.379824292512,0.496440146253
13.0,0.413380517017,0.474307035194,0.39505174476599997,0.423765012373,0.451159397937,0.443389791519,0.340754180789,-0.341995873741,0.450724682383,0.35397944106299994,-0.379824292512,0.496440146253
13.1,0.41338668609800006,0.47449762104599996,0.394782272167,0.42362662094899994,0.451085807958,0.443017498306,0.340944468618,-0.34161088733999995,0.450274965338,0.35382988754,-0.379997580405,0.496395161812
13.2,0.413426293384,0.474637572752,0.39442184288000004,0.423621644897,0.451119897429,0.44299481733199997,0.34024530613399995,-0.340722241691,0.44986279921899996,0.35380080965300004,-0.37995808759099997,0.496404294651
13.3,0.41330469990900004,0.474589054571,0.393476513214,0.423627701833,0.451156091509,0.442994142867,0.339763581395,-0.339529254726,0.44876982884800004,0.353817555096,-0.38000335713600003,0.496402899814
13.4,0.41304980064499996,0.47371179340899994,0.39128651935500003,0.423626358518,0.4511472207,0.44299463346999995,0.339078276992,-0.33895523219499996,0.446925780348,0.353790101416,-0.37992888316,0.496401746849
13.5,0.41256801630199996,0.47282535313199997,0.388261822052,0.423626358518,0.4511472207,0.44299463346999995,0.33845671975599995,-0.338288286022,0.44432719665,0.353790101416,-0.37992888316,0.496401746849
13.6,0.412506176483,0.47214147923999994,0.38394477684,0.423454585115,0.45159655616300004,0.442328095071,0.33756750786300005,-0.337649056009,0.441308817438,0.35360770928,-0.3792189789,0.49537402875299996
13.7,0.412870062839,0.470902686106,0.37857046443899994,0.42311774893799997,0.45254220987099997,0.44097914366400004,0.336969822288,-0.33713243275,0.436687192492,0.353115348543,-0.37740900481,0.493281895193
13.8,0.41273657823700005,0.47060859678800004,0.37368640024099997,0.42311774893799997,0.45254220987099997,0.44097914366400004,0.3371201154,-0.33708084493,0.43124308305200004,0.353115348543,-0.37740900481,0.493281895193
13.9,0.41205204869400003,0.470002208935,0.369852212257,0.422632455945,0.453850239054,0.439027566803,0.33665481174,-0.336497077039,0.42675944285800005,0.352365810424,-0.37456968134900004,0.490291173586
14.0,0.411667986165,0.466926639067,0.366106477565,0.421607030401,0.45651877568099997,0.43458096969400006,0.335850923896,-0.336610474876,0.424039682917,0.350786554119,-0.368658289405,0.48410888248800005
14.1,0.411017371665,0.464585815655,0.363572803325,0.420779352146,0.458393691202,0.430766105096,0.335516661048,-0.337114551357,0.420900783114,0.349639957469,-0.364693538547,0.479548677475
14.2,0.41035197521300004,0.463318293081,0.361704495735,0.41975056664099997,0.46075612963999996,0.42573609155000003,0.335808694005,-0.338466295293,0.41856004910899997,0.34795445707500006,-0.35960643890699995,0.474196595193
14.3,0.409562452089,0.46204370735699996,0.35969367343900005,0.418469766544,0.46329756697499996,0.41940902992299994,0.33595332467600003,-0.34046626954400006,0.417211732439,0.34616877558700004,-0.354632868631,0.468237026946
14.4,0.409710271608,0.46061382173199994,0.356521037407,0.418469766544,0.46329756697499996,0.41940902992299994,0.336257815004,-0.34206036596600004,0.415006599001,0.34616877558700004,-0.354632868631,0.468237026946
14.5,0.410047395479,0.45906329630500003,0.353686955757,0.41728150340099995,0.466008343889,0.413372052471,0.33664527499700003,-0.344095238737,0.41356166320200005,0.34461719443899996,-0.35066180642300004,0.463112274765
14.6,0.41005377317599995,0.45642772792400005,0.35130873043000005,0.415090550221,0.47023488726999996,0.40287547914599997,0.336283474803,-0.345068671993,0.412842056326,0.34183787869099996,-0.344316049395,0.455082892607
14.7,0.41039894367299995,0.45382893561000004,0.348082331008,0.41435406965300003,0.47203071755900006,0.399340672625,0.336280375362,-0.34615595012100003,0.411832592062,0.341128828822,-0.342810386582,0.452583396056
14.8,0.41080699707199997,0.451618795382,0.34510609228100003,0.413652167975,0.473181654456,0.39624922261,0.33646541798100005,-0.348476448349,0.410653433375,0.340290689125,-0.341100949906,0.450449664452
14.9,0.41109560276199997,0.448790584789,0.34261408168799995,0.413144377853,0.474339700017,0.393949484308,0.336730867267,-0.350869425825,0.40923365073600004,0.339761734424,-0.340057636073,0.448907316687
15.0,0.411828918706,0.446253811108,0.33987453300399995,0.413144377853,0.474339700017,0.393949484308,0.3374396559,-0.353026100687,0.407837650351,0.339761734424,-0.340057636073,0.448907316687
15.1,0.412716461669,0.44333214043200003,0.336955455131,0.41294361954000003,0.474836964591,0.39304171167499996,0.33791568839599995,-0.354029604486,0.40630801635200003,0.33958738678000006,-0.339715905971,0.448303442717
15.2,0.413333488952,0.44113669274899997,0.33523812610599996,0.41292368893299997,0.474698140698,0.39301970147,0.337979048133,-0.354640164665,0.405407151751,0.33958515875100004,-0.339716058216,0.448293410642
15.3,0.413657529603,0.438796256767,0.33418872673,0.41292368893299997,0.474698140698,0.39301970147,0.33782890403300003,-0.35498512654700004,0.405066809229,0.33958515875100004,-0.339716058216,0.448293410642
15.4,0.413958533059,0.43744963883,0.332586911506,0.412939208672,0.474792178305,0.393038666258,0.33783733809,-0.355100521139,0.404048642687,0.339573159189,-0.339686971875,0.448302787883
15.5,0.414475424539,0.43589547751999996,0.331299451179,0.41293767069700005,0.47477022829800003,0.393037563951,0.33793646061399996,-0.35611597567000003,0.403009376101,0.33959136620700003,-0.339723561109,0.44830254586900004
15.6,0.414631111871,0.434551750408,0.33082696516,0.41291956047600004,0.472971772626,0.38945465930699996,0.338242679477,-0.35759637623199997,0.402590474657,0.339488129275,-0.340358461681,0.44638360865500004
15.7,0.415016306888,0.43363053082099995,0.330369380302,0.41297907603100004,0.47055270023400003,0.38513048559699997,0.33847716415,-0.358772137455,0.402492484621,0.339420924161,-0.341102991216,0.44406462659100004
15.8,0.41586516643700006,0.431695913063,0.329162267036,0.413190239375,0.46785315683300005,0.380098581893,0.338542222619,-0.359092452816,0.40210225301200003,0.33940596876999996,-0.341951622036,0.44133645635799995
15.9,0.41607142831,0.42957544802299996,0.328486648387,0.413190239375,0.46785315683300005,0.380098581893,0.33879977428900004,-0.36017180352600003,0.40173008161,0.33940596876999996,-0.341951622036,0.44133645635799995
16.0,0.416897757303,0.424953405844,0.326110866851,0.413285005532,0.463033231658,0.37290132142399995,0.33911052310500006,-0.361665853552,0.401449582152,0.339420541377,-0.34343625716700005,0.43706489971600004
16.1,0.4180475309,0.41957343100199995,0.323276010341,0.41342936136,0.457920181201,0.363020345274,0.339886545778,-0.36413920789099996,0.40072550492700004,0.33925203538500004,-0.345554587738,0.430490451554
16.2,0.41928858901199995,0.41562131522699997,0.321339336223,0.41324801425999996,0.449730944847,0.34903265058,0.340376108527,-0.367211022667,0.39936467128200004,0.33879820317299997,-0.349461900511,0.419315213353
16.3,0.419942451965,0.411068444239,0.31995477993,0.41303549115099997,0.445896133716,0.34358807383199996,0.340615689397,-0.370456733993,0.39885302501100006,0.33850158170100003,-0.35130461558700005,0.414276746846
16.4,0.42081798459200004,0.405580704199,0.318729666061,0.41303549115099997,0.445896133716,0.34358807383199996,0.340277343631,-0.373629548839,0.39964904504199994,0.33850158170100003,-0.35130461558700005,0.414276746846
16.5,0.42210142160499997,0.399077956663,0.31669810134799997,0.413048478969,0.444354633969,0.340008628265,0.34006530010700003,-0.377406158737,0.39980097728200004,0.338247086339,-0.352699620837,0.41061098296099996
16.6,0.422661824476,0.394977216707,0.315610972232,0.41294190333499997,0.44243651093,0.337316693648,0.340229659915,-0.38124475746500003,0.39924134927199995,0.33797236346000004,-0.353996220584,0.407198383706
16.7,0.42278201724200004,0.392223303305,0.31496235448800003,0.41288677129600004,0.440913931001,0.334885229384,0.340681224704,-0.384724983266,0.399043938688,0.337782932878,-0.354872081459,0.40495898595200003
16.8,0.422825230609,0.39053601501999996,0.314809349365,0.41288677129600004,0.440913931001,0.334885229384,0.340849995256,-0.386433282188,0.39875831323100003,0.337782932878,-0.354872081459,0.40495898595200003
16.9,0.42277557994000003,0.389316831814,0.3147623213,0.41298411208499997,0.441493303947,0.334883268717,0.34145775401600004,-0.38759527473800004,0.39788975434699997,0.33777357383900003,-0.354864701209,0.404952006504
17.0,0.42267639781099997,0.388892416941,0.314562347717,0.412976406852,0.44146328118999995,0.334879246885,0.342059105277,-0.38837922482799997,0.396654090456,0.337777827772,-0.35486876653300004,0.404953371339
17.1,0.42257426525200004,0.38802385805699996,0.314542618579,0.413148198099,0.440426401024,0.334722070771,0.34259605372,-0.38959629206999996,0.39640106873899994,0.337740704021,-0.355227567623,0.40487180674
17.2,0.422762884151,0.386241381155,0.31482979375799997,0.413944330184,0.437601169454,0.334178498899,0.34256646001400004,-0.391185262493,0.396382948927,0.338126592246,-0.357505926299,0.40463105932899995
17.3,0.423303528081,0.38344675778000004,0.315178600139,0.413944330184,0.437601169454,0.334178498899,0.342617541194,-0.39357269673699996,0.396342000536,0.338126592246,-0.357505926299,0.40463105932899995
17.4,0.42407019282499997,0.38039079784,0.315584925003,0.415109148884,0.433685746457,0.33354836975200003,0.34301063382700003,-0.39639867215499996,0.396361789278,0.338562082125,-0.359907475525,0.404537386716
17.5,0.424799574863,0.376292889105,0.316305127925,0.418793480678,0.42030929317599997,0.33004151488,0.343283801914,-0.399980911306,0.396876415781,0.33993149186099997,-0.36843902451800004,0.403598271352
17.6,0.425461067211,0.370891307579,0.317391959018,0.420549682517,0.411162062183,0.326408336677,0.34433269465000005,-0.404048064045,0.39767279344000006,0.340790283535,-0.374798760507,0.402304042747
17.7,0.426135702382,0.366195772873,0.318960693664,0.421507658082,0.40326411851899996,0.322522901792,0.34446540439199996,-0.407249012283,0.398382029108,0.340919658597,-0.379188366985,0.400762277297
17.8,0.42734564686899995,0.360849623667,0.319304374046,0.422074258007,0.397084129512,0.31905367527,0.34436291420500004,-0.410467156461,0.399410805277,0.34115765619800004,-0.38331993061700004,0.39932784525200005
17.9,0.427956475269,0.354987894283,0.319570806808,0.422074258007,0.397084129512,0.31905367527,0.34404817187799996,-0.41363654404,0.400146624617,0.34115765619800004,-0.38331993061700004,0.39932784525200005
18.0,0.428777708064,0.35029489277500003,0.320616749115,0.422360271399,0.39040261807599996,0.314757954582,0.344213455558,-0.417301752857,0.40061303096199996,0.34106661547399997,-0.387223965893,0.397521677069
18.1,0.428810848247,0.34581360696400004,0.321800795383,0.42232173458899996,0.389274017393,0.314093517159,0.344438075662,-0.419636705211,0.401144227556,0.34112240400300003,-0.387968111793,0.39728614320200006
18.2,0.429425133716,0.34191695331200006,0.322488215751,0.422511573577,0.389884490959,0.314108827681,0.34396302664300005,-0.42190633087499996,0.40180017667199996,0.341064800838,-0.387817790703,0.39727197388499996
18.3,0.42969621563999993,0.338086699234,0.323198941536,0.42231868255099997,0.389247134251,0.314105673324,0.343923389554,-0.42433522015,0.402410170607,0.341041178039,-0.387751750492,0.397272261497
18.4,0.43025286341799995,0.334745560871,0.324611810035,0.422502317486,0.389885938319,0.31409829338100004,0.343876063466,-0.426543751052,0.40349920707099995,0.341091921317,-0.38789116597900003,0.397276991461
18.5,0.43053637291100005,0.331407879578,0.325575974769,0.422408028972,0.389234731955,0.314113687698,0.34406679833000003,-0.428561219267,0.40398981290299996,0.34103812345299994,-0.38787194820200005,0.39727805856200005
18.6,0.43107189084200004,0.328917895542,0.326042500324,0.423059313392,0.387946339044,0.314238550236,0.344418346524,-0.430053838781,0.404328188471,0.341190621077,-0.38962873240199997,0.397389722484
18.7,0.43165485407,0.326911275373,0.32621171791,0.42355472390199994,0.38256540868600003,0.314715586928,0.34418556058399996,-0.431709119371,0.40551312880900003,0.341546963131,-0.39302753812700003,0.39772486228
18.8,0.432009710323,0.325014357553,0.326651063747,0.42355472390199994,0.38256540868600003,0.314715586928,0.34425929153000007,-0.43351895480499997,0.40647443252,0.341546963131,-0.39302753812700003,0.39772486228
18.9,0.432765556823,0.322438095795,0.32748958189,0.425017086117,0.37679498489600005,0.315727904807,0.34466490113799997,-0.436192014507,0.40740813928,0.342083851564,-0.39769985629500004,0.39848025329400005
19.0,0.434291405927,0.31890389798700003,0.329142418689,0.427110920548,0.359500939354,0.318531579883,0.344707995296,-0.439452925018,0.409276864103,0.34302569383500003,-0.408850043284,0.400136437123
19.1,0.435634268772,0.31536180256499996,0.331362512893,0.42816103188,0.351232554222,0.320013482555,0.345028489471,-0.443012037567,0.41115798669299997,0.34369240919200006,-0.416114587127,0.400896369503
19.2,0.43647260810000005,0.313251947151,0.334045735187,0.42816103188,0.351232554222,0.320013482555,0.345352589727,-0.446554729036,0.412787100844,0.34369240919200006,-0.416114587127,0.400896369503
19.3,0.437815888177,0.312555854307,0.33574965316699995,0.429180463615,0.341590746495,0.321763412196,0.345376133561,-0.448778727344,0.414266309313,0.343472903434,-0.421921760816,0.401483775311
19.4,0.438163800489,0.310881530033,0.336612132377,0.42899503867100003,0.337892521565,0.322271031066,0.345115184427,-0.450337567619,0.41538890319300004,0.343669836241,-0.424594081687,0.401677567979
19.5,0.437974585544,0.308448140608,0.337702897377,0.42952291760899997,0.33872236481299994,0.32231249545699997,0.344992994905,-0.45212457447400006,0.41662122922300004,0.343562154494,-0.424504231561,0.401682106175
19.6,0.438212616693,0.306099389778,0.338676241226,0.42952291760899997,0.33872236481299994,0.32231249545699997,0.344957977176,-0.45396755008999995,0.417639812998,0.343562154494,-0.424504231561,0.401682106175
19.7,0.438230706703,0.304639582621,0.33969697076800004,0.42917681388400003,0.33782831143299996,0.32234186236900003,0.34538873994400004,-0.45534531145400003,0.418002328448,0.34351291979299997,-0.42432203653300005,0.401668986086
19.8,0.43889625216600003,0.30206850646600003,0.340597000904,0.429497469057,0.338654789947,0.322315681875,0.34553974831100004,-0.45746610431999996,0.41911693530500005,0.343568785704,-0.42453467561999997,0.40168162653800005
19.9,0.439037634384,0.29923785208299997,0.341776278801,0.429226422017,0.33793595893399997,0.322338670446,0.34490317070500004,-0.460103222421,0.421087047629,0.34356845012299997,-0.42455556151999996,0.401686672329
20.0,0.438679261457,0.296712760912,0.344127741642,0.430424312822,0.334959838912,0.323617654316,0.344444810987,-0.461877622894,0.42281599956,0.34363932168399997,-0.42782313861599996,0.403004945261
20.1,0.43893797541699997,0.293806676851,0.34537693578699996,0.431707900404,0.331630702042,0.325321117854,0.344527393222,-0.46388561396899997,0.424449703268,0.34390447362,-0.431343337144,0.404702027879
20.2,0.43915141965000004,0.29107174752799997,0.346433845348,0.431707900404,0.331630702042,0.325321117854,0.344604670644,-0.466189065269,0.42620857673100004,0.34390447362,-0.431343337144,0.404702027879
20.3,0.43940718318099997,0.288762425171,0.348216799087,0.433551962887,0.326998438937,0.328003080203,0.34449773991099997,-0.468039014629,0.428172907404,0.34435967261600003,-0.43717548248899996,0.407961352375
20.4,0.43956862236199995,0.285506223427,0.351059225387,0.435028966165,0.317918963853,0.33199426165999996,0.34454980456900003,-0.47020337849,0.43025328832099996,0.344625238192,-0.442680622457,0.41097491573600003
20.5,0.439420862447,0.282226597057,0.353806522674,0.436865443401,0.309407197566,0.33633122433799995,0.34476476872,-0.47227186828,0.43174465613799995,0.344895326578,-0.45054676687600004,0.414990133332
20.6,0.438930495035,0.278842036711,0.35701325256300004,0.437824548305,0.307193215176,0.337892446884,0.343984573722,-0.474644580177,0.434097847513,0.34495538986100005,-0.45353975206299996,0.416402943059
20.7,0.43912623668799994,0.276368741976,0.359365728683,0.43757126463699997,0.304352920587,0.33876655507299996,0.342942058683,-0.47641281156900006,0.43632682280900004,0.34507198908200004,-0.455725270146,0.41721872176799996
20.8,0.43941803122699996,0.27493340252500004,0.36158266384099996,0.43757126463699997,0.304352920587,0.33876655507299996,0.342895537257,-0.47843799858400005,0.43801381307,0.34507198908200004,-0.455725270146,0.41721872176799996
20.9,0.439531578075,0.272672926174,0.364238527603,0.43784038699600003,0.304755169634,0.338819614849,0.342541545272,-0.481216677717,0.439916572146,0.34496501854199996,-0.455242166465,0.417235495824
21.0,0.439187361251,0.270416979776,0.367294636554,0.437986647271,0.305066212447,0.338813625898,0.341992944122,-0.48363266258599996,0.44264294820200006,0.345008825722,-0.455507144738,0.417248736975
21.1,0.439421428691,0.268048589216,0.369389084167,0.438013418291,0.305122573272,0.33881547559,0.34193119370999997,-0.486081042579,0.445005676321,0.344995730309,-0.455439523595,0.417249889
21.2,0.43974928403999997,0.266725902544,0.37138500530199997,0.438022552179,0.304283874018,0.33935190816699995,0.341737717033,-0.488850214771,0.44668444114100003,0.344873686008,-0.455904803572,0.417773166052
21.3,0.44052244569,0.265203510509,0.37421264965000006,0.438022552179,0.304283874018,0.33935190816699995,0.34147235715400004,-0.49109212427500004,0.449451586775,0.344873686008,-0.455904803572,0.417773166052
21.4,0.440771801721,0.262581323372,0.376775053329,0.438325309761,0.302163436308,0.341134855071,0.340888082624,-0.49257067709299995,0.451828918032,0.34461358035499995,-0.458797913112,0.42004419024499995
21.5,0.44035883093999995,0.260825072514,0.380334404296,0.43885182255800004,0.294292869024,0.347396520684,0.340342074275,-0.493340679697,0.453830680422,0.344118265546,-0.464914964837,0.42548630080899996
21.6,0.44054205561800003,0.259009634243,0.384510305709,0.439243997915,0.287404192442,0.353177612927,0.339961349607,-0.49410084753399997,0.456323227457,0.343572966071,-0.470545192803,0.430749702247
21.7,0.440871311675,0.257639859901,0.388479498214,0.438349699815,0.279657979822,0.35798225617799995,0.33952426874700004,-0.495178559116,0.45950599627899996,0.342954913692,-0.475150698346,0.434786711655
21.8,0.44121639276600005,0.255636130558,0.391084996051,0.439690168027,0.278212723875,0.36123899988799996,0.339148640275,-0.4964229848899999,0.46159132438100003,0.342557277164,-0.47910194897,0.437721952069
21.9,0.441708607923,0.252790426002,0.393727508373,0.438475112361,0.272632528983,0.36406929653000003,0.338874101281,-0.49873230724699996,0.463325223498,0.342069103729,-0.481334495944,0.439996117557
22.0,0.442063851606,0.250520204292,0.397602108306,0.43915147212399996,0.27177752127099997,0.36586929811200003,0.338273375869,-0.499690332702,0.46555711942100003,0.341723683068,-0.482881807487,0.4414130799
22.1,0.44146226192599997,0.247868930088,0.40123167354500006,0.43915147212399996,0.27177752127099997,0.36586929811200003,0.33779969775700003,-0.500310340217,0.46828385310599996,0.341723683068,-0.482881807487,0.4414130799
22.2,0.441178484212,0.246658508764,0.40474417526199996,0.43857561773000003,0.270109733935,0.366421347503,0.337024658561,-0.50068328648,0.470866164736,0.34164131271,-0.48349186884400003,0.44186603634099997
22.3,0.441033048879,0.246693049656,0.40832164604099996,0.439144043499,0.271168558578,0.366386870503,0.336934446931,-0.500662424854,0.472968241743,0.341660923983,-0.483762136879,0.441871864569
22.4,0.44097967291999995,0.247660850273,0.412377622909,0.438691351685,0.27032182748399997,0.366413843907,0.33634102308799996,-0.500832089475,0.475675484709,0.341640527666,-0.483526329815,0.44185190908999994
22.5,0.440285159599,0.247750793682,0.416972008533,0.43976226681,0.27088078814,0.36831955466300004,0.335343658567,-0.5005731072940001,0.479558190874,0.34142608057400003,-0.484140410803,0.44320757685199996
22.6,0.439954443227,0.24989200113899998,0.42189696151699996,0.43978735841399996,0.26516731429900003,0.37631168541999993,0.335071563363,-0.500448354772,0.48311110453999995,0.340638291392,-0.487675998501,0.448855027294
22.7,0.43933851863000006,0.250694935308,0.425475266761,0.43978735841399996,0.26516731429900003,0.37631168541999993,0.33376985752599997,-0.500034460119,0.48632909970700006,0.340638291392,-0.487675998501,0.448855027294
22.8,0.438965095531,0.251352851377,0.42815455514899997,0.440633598914,0.25999998798,0.386084477467,0.332368760944,-0.499878802589,0.488676151804,0.33957215860600004,-0.491771576165,0.45598183160800004
22.9,0.438878519784,0.25253540753000003,0.43063118774400005,0.440974216464,0.251665494465,0.40008981770400004,0.332428663612,-0.49905748038599995,0.489829680494,0.337805247999,-0.497478444322,0.46645988245399994
23.0,0.438607020627,0.25454184888500003,0.43319341260899996,0.440507958284,0.24698430784800002,0.40656417041500004,0.33209043705499997,-0.497578212312,0.491862318091,0.33682082379,-0.500422886951,0.471428420267
23.1,0.43834288264399995,0.256968383776,0.436153200454,0.4407748251,0.246930933837,0.40745203729999996,0.3316880759,-0.495703109792,0.494232198767,0.33663821149400003,-0.500495277763,0.47204155297
23.2,0.438351912748,0.260568057285,0.439454224891,0.4407748251,0.246930933837,0.40745203729999996,0.331417023778,-0.494446733287,0.496272704176,0.33663821149400003,-0.500495277763,0.47204155297
23.3,0.438091410648,0.264290337549,0.44307997543300004,0.44103291570799996,0.247339952223,0.407476190924,0.330256789565,-0.492061891845,0.49921931939499997,0.33665239993699997,-0.5006816290739999,0.47214041178000005
23.4,0.43764050151,0.268413190828,0.44791999179799996,0.44110193136500003,0.247472070021,0.40745519732100005,0.32954937183899996,-0.48848412304300004,0.502790948919,0.336644601821,-0.500525393797,0.472074226266
23.5,0.436556114208,0.271965329634,0.45193651039099997,0.440189680613,0.246599999935,0.40796755993699996,0.329346924663,-0.485288092188,0.505408308081,0.336431743588,-0.500345853337,0.47264250747000003
23.6,0.436178012143,0.274735366093,0.454140392131,0.440306687815,0.249102181775,0.409858831504,0.329252928138,-0.48290125398999995,0.5072728009740001,0.335736349828,-0.49954486168799994,0.474863954548
23.7,0.436167789947,0.277526025759,0.455210474319,0.440306687815,0.249102181775,0.409858831504,0.328559815526,-0.480711379341,0.509640595488,0.335736349828,-0.49954486168799994,0.474863954548
23.8,0.43574882889899996,0.27951971171900003,0.455942359752,0.438625999864,0.252891534855,0.41965924671899996,0.327563613296,-0.47794721393899997,0.512225708536,0.333771070453,-0.49667881359,0.483679036425
23.9,0.434885455619,0.282123033987,0.45745452959,0.43913131486100004,0.258389307208,0.427470874441,0.327049374223,-0.474687018684,0.5145337791960001,0.332387819508,-0.49482879618000003,0.489459653904
24.0,0.43378232265600003,0.284889315353,0.459081617183,0.438332721686,0.260484314868,0.433793431162,0.32742992007800004,-0.470866480163,0.515975913576,0.331331880132,-0.493575540636,0.49351643885799995
24.1,0.43317465330300003,0.288569931971,0.46051123458800003,0.438332721686,0.260484314868,0.433793431162,0.327717452884,-0.46683279543300005,0.5174978585760001,0.331331880132,-0.493575540636,0.49351643885799995
24.2,0.43222059155599996,0.292609517561,0.462338116951,0.43836098827299996,0.26366862671999997,0.439425587875,0.328478902221,-0.46327952413900003,0.5189627023260001,0.330409658363,-0.49253117722499995,0.496940217883
24.3,0.43156365896399995,0.296308730827,0.464026418514,0.43813840708499996,0.26477472143,0.442197338768,0.32896828615699997,-0.460297444156,0.520711562208,0.329963476527,-0.49197358635,0.49847202778899996
24.4,0.430778606187,0.299866830097,0.465819266624,0.43800232505500003,0.264530737257,0.442196940217,0.328976034761,-0.457199284128,0.522359213404,0.32996662384500003,-0.49200839982199995,0.498533448115
24.5,0.430515302669,0.302770142542,0.466564801521,0.438182194947,0.26486585443599997,0.442176267006,0.329094379783,-0.455447473816,0.5234844298879999,0.329966758583,-0.492001306588,0.498529100678
24.6,0.429855360042,0.304950599657,0.467082408256,0.437980164837,0.264500119014,0.442187302719,0.329481780172,-0.452543565324,0.524115404658,0.329965911848,-0.49198497742299996,0.49849030788300003
24.7,0.429427666913,0.308010344492,0.46780469734200003,0.438160483671,0.26485463231600004,0.442186217192,0.33041846716400003,-0.449269988826,0.52438761907,0.329966205974,-0.491989216377,0.49850826858999997
24.8,0.42941970969300003,0.31043634294100003,0.468713906593,0.437158359416,0.265503342633,0.44273067078199996,0.330796748042,-0.44542769461000004,0.524784705214,0.329964082189,-0.490386187388,0.499370131008
24.9,0.42939437771899996,0.312649582611,0.469367113895,0.43713211056199996,0.27126968860100004,0.444393076809,0.331475317121,-0.44184921055200005,0.524880072645,0.329988867378,-0.48609786450599995,0.501725295502
25.0,0.429656250726,0.314807211147,0.469483760185,0.43713211056199996,0.27126968860100004,0.444393076809,0.332381844163,-0.43834499388099996,0.5247506113570001,0.329988867378,-0.48609786450599995,0.501725295502
25.1,0.42955513144599994,0.317772512423,0.469724920578,0.434489373666,0.284801948393,0.452473136118,0.33253601157699997,-0.434107103637,0.525271973185,0.329974186374,-0.47227890268100003,0.510642093737
25.2,0.42873696829,0.320874427544,0.470360902137,0.43303176772699997,0.293295115431,0.458028567097,0.332863688112,-0.427780249408,0.5258135409870001,0.329645830042,-0.46470127272699996,0.516036712725
25.3,0.42818404580200004,0.32512850044799996,0.47108950931500004,0.431452013852,0.297368544305,0.46168533570299997,0.332951634765,-0.420505770734,0.526485464148,0.329427229876,-0.46086929080899997,0.5193484951030001
25.4,0.427074654352,0.329456661926,0.471777585334,0.43111944583000006,0.30233757193000005,0.464502888354,0.333150177837,-0.41434232263899995,0.5274390788600001,0.329004262024,-0.45663582219400006,0.5217706137470001
25.5,0.42624120260399995,0.334359143959,0.472159055061,0.43111944583000006,0.30233757193000005,0.464502888354,0.332494318128,-0.408727445892,0.5284546227970001,0.329004262024,-0.45663582219400006,0.5217706137470001
25.6,0.425734414111,0.338631426083,0.472379949874,0.43045521558999994,0.303247080325,0.465677045734,0.331714987397,-0.405680843881,0.529624423556,0.328819508025,-0.454986228816,0.522760835224
25.7,0.424695832979,0.342202519165,0.47279515583000004,0.430456956743,0.303248130903,0.46567675322700003,0.331739693523,-0.402110078624,0.5305358381790001,0.328907264765,-0.455534338307,0.5227645263139999
25.8,0.42313332701800005,0.346177016483,0.473547724075,0.430367331179,0.30306007951999997,0.46568350611500003,0.33152952754500004,-0.399464288047,0.531862339548,0.328856825388,-0.45522005890600004,0.522746302516
25.9,0.422061486493,0.349184845673,0.473807838745,0.43044472109,0.30321786603900003,0.46568544065800005,0.33067449891600004,-0.397303321651,0.533267161421,0.32887818181699996,-0.455365981077,0.5227787712659999
26.0,0.42136390353299996,0.35232529519699995,0.474743393249,0.429921393398,0.303374510334,0.46567295341700005,0.330818771959,-0.394753226331,0.534072360567,0.329070778816,-0.454586420229,0.522939819269
26.1,0.420885904085,0.354812120186,0.475587514228,0.429921393398,0.303374510334,0.46567295341700005,0.33036220038,-0.391840436748,0.534992596678,0.329070778816,-0.454586420229,0.522939819269
26.2,0.42052157069300006,0.357148711668,0.47668018657600003,0.429651678623,0.308917063275,0.465735550182,0.33047166430999997,-0.38863755135899997,0.535569629244,0.329737927899,-0.446276797981,0.523822828035
26.3,0.420369131814,0.358570133434,0.47743060905400003,0.426601323085,0.324737017326,0.468403830071,0.329910874009,-0.386473843149,0.536404094271,0.33135373156,-0.424670295156,0.527049200784
26.4,0.419748826276,0.36131278155900004,0.47848489601099997,0.42746984815300004,0.337213306253,0.46987281453,0.330214291454,-0.38297108679200004,0.536573371462,0.331905199556,-0.415332807827,0.528448447394
26.5,0.419371588479,0.36588070272100004,0.480485347099,0.42746984815300004,0.337213306253,0.46987281453,0.329249053836,-0.377143153242,0.537497124247,0.331905199556,-0.415332807827,0.528448447394
26.6,0.41884182239699996,0.367840175615,0.482384231872,0.42596370053599997,0.345733002391,0.471854481351,0.329818278194,-0.37259755401999994,0.538523277811,0.331361675147,-0.40174496703400003,0.529651040837
26.7,0.417664898883,0.371010874496,0.48584940750100003,0.423521797835,0.339726982866,0.471948499306,0.32997441256099996,-0.369111248544,0.542322120241,0.331786614216,-0.40291964601499997,0.529756124287
26.8,0.41652481104,0.374470804916,0.48879125434799997,0.423521797835,0.339726982866,0.471948499306,0.328659951329,-0.36331946521200004,0.546082815699,0.331786614216,-0.40291964601499997,0.529756124287
26.9,0.415270043861,0.37780827759400004,0.491251853294,0.42384428818400005,0.340538514247,0.471946471369,0.327642678857,-0.35812292366400006,0.549192211203,0.331396249979,-0.401664451633,0.529650176028
27.0,0.41490892912,0.379771445976,0.493429568595,0.42523287389,0.34413070413400004,0.47190240011699996,0.328060656429,-0.353325941852,0.551677248053,0.331610578969,-0.402315782335,0.529728544378
27.1,0.41416261936300003,0.38167635081900003,0.49584486801100003,0.42337088542199997,0.342100104301,0.472449165027,0.326781808973,-0.34930486350400003,0.555061420969,0.331473713989,-0.40032790445,0.530444791416
27.2,0.414592577468,0.38249531863799996,0.497406867332,0.42337088542199997,0.342100104301,0.472449165027,0.324378251672,-0.347014435819,0.558457693628,0.331473713989,-0.40032790445,0.530444791416
27.3,0.415219946157,0.38288435815399996,0.499831226654,0.42341576974399997,0.348686251081,0.473894173895,0.324400663018,-0.344125756315,0.560832223467,0.33107829573,-0.39526763236400003,0.532280760498
27.4,0.414652688753,0.38285679100599995,0.502950576133,0.419762958591,0.360601130346,0.48057536953599994,0.324056803823,-0.340408631853,0.563236555628,0.330172959439,-0.37965060995,0.539231356342
27.5,0.414088620197,0.386033509956,0.5059961946670001,0.419107564627,0.368610573875,0.483609530091,0.32317927444,-0.337258287958,0.567032894663,0.32978091012,-0.37331886117799995,0.541880139646
27.6,0.41392336631899995,0.389806752192,0.508682397193,0.416912411434,0.369808510273,0.486042490466,0.322093784452,-0.334790953687,0.571132025294,0.328797823653,-0.36695507645400005,0.543707175584
27.7,0.412709487926,0.39186662911,0.511317995376,0.416912411434,0.369808510273,0.486042490466,0.321629315257,-0.333011814645,0.5744908066309999,0.328797823653,-0.36695507645400005,0.543707175584
27.8,0.411102040063,0.39525595782899997,0.513722208328,0.415989338499,0.373208438755,0.487902385216,0.320594817043,-0.33191520839099997,0.577833017878,0.328670492949,-0.36358951054,0.545104061531
27.9,0.410706712257,0.398769890057,0.515228000469,0.416973724102,0.376258520717,0.487904530726,0.318794548154,-0.32882074385000004,0.581272086672,0.328469384619,-0.363126426256,0.545094324396
28.0,0.409863187324,0.402244632231,0.517371204681,0.416973724102,0.376258520717,0.487904530726,0.316735326886,-0.325192400507,0.585018477015,0.328469384619,-0.363126426256,0.545094324396
28.1,0.40866969371899997,0.40601483462899995,0.520350364036,0.41624073887199997,0.373977385018,0.48791201856399996,0.313396542907,-0.32124669223200003,0.589721879534,0.328461168714,-0.36311635462700004,0.5451081288740001
28.2,0.407819552671,0.409944777475,0.523931411094,0.41599697097599997,0.37363880291,0.48811942982699996,0.3093131181,-0.317082026294,0.595433792643,0.328524476399,-0.363090494195,0.545385719607
28.3,0.40535811926,0.412652705894,0.526479926891,0.416191987087,0.377390340229,0.489842491314,0.30766269528900003,-0.312754729084,0.597895643286,0.32771512112,-0.359981201486,0.547831254824
28.4,0.403373761426,0.415769611584,0.528203633613,0.41496134293700004,0.379110492148,0.493135620511,0.307610600829,-0.307992079548,0.5983297439140001,0.326460864897,-0.35502318534999994,0.552414055234
28.5,0.402042640697,0.419754807936,0.5300396354860001,0.414534635981,0.38444945269599995,0.49735397676299997,0.308106869102,-0.30319870381700004,0.599156817965,0.324949103828,-0.349322620515,0.558183058157
28.6,0.400298489581,0.42196619986199996,0.532593873329,0.414534635981,0.38444945269599995,0.49735397676299997,0.307872205615,-0.3004484561,0.601895412974,0.324949103828,-0.349322620515,0.558183058157
28.7,0.398387922298,0.424115930782,0.535780337638,0.41257550963600004,0.392035315757,0.505927484094,0.307601838947,-0.296296992591,0.605727753214,0.321771783675,-0.339379330529,0.568239902867
28.8,0.396135194551,0.42727602003700005,0.538917687721,0.410473878076,0.397759008534,0.5130595757509999,0.306825726867,-0.29223326712,0.609843036703,0.31790136473999997,-0.32869532816799996,0.57939139781
28.9,0.39402790213699995,0.430634086119,0.542108085937,0.410535101311,0.403165050897,0.515656036713,0.306343197465,-0.288515516809,0.612966022066,0.316864995665,-0.325929997592,0.582869460241
29.0,0.391714288246,0.43353444813299996,0.545473006553,0.410535101311,0.403165050897,0.515656036713,0.306911766172,-0.286090501836,0.6154182763620001,0.316864995665,-0.325929997592,0.582869460241
29.1,0.389920963298,0.436917995201,0.54863479454,0.409633222537,0.401567733513,0.5165605525029999,0.308014601112,-0.283594646743,0.616932711176,0.316793439808,-0.325485293301,0.584109537734
29.2,0.38790567065399995,0.441046510921,0.5517497332760001,0.40967944314099997,0.401736822658,0.516547534394,0.308148771167,-0.28085894256,0.619570753149,0.316536526477,-0.325039103475,0.584073279728
29.3,0.38657481814499994,0.444556866871,0.554877904243,0.410062212318,0.40320838752099997,0.516558690023,0.30685999953800003,-0.27731827764899997,0.621862611345,0.316684620555,-0.325299851231,0.584093567262
29.4,0.38536806250699995,0.447378789173,0.5578444274140001,0.409514332633,0.401857673089,0.516702838152,0.305465727687,-0.274759420446,0.625418982081,0.316581133177,-0.324916439467,0.584261143835
29.5,0.385166747819,0.449479465471,0.559873846359,0.40844753933300004,0.406113251866,0.5188306859,0.304540902019,-0.27171982198100003,0.6279667230170001,0.31607436662599997,-0.321799475608,0.5864685673619999
29.6,0.384327752839,0.45031789420699997,0.56221350748,0.406232932397,0.410794764142,0.522699589798,0.303491532445,-0.269877502016,0.630516252093,0.31550806924400004,-0.317219544925,0.590543440734
29.7,0.383123321782,0.451349233376,0.564415303058,0.406232932397,0.410794764142,0.522699589798,0.304122805238,-0.267550626091,0.632325729899,0.31550806924400004,-0.317219544925,0.590543440734
29.8,0.38194234515299996,0.452560340153,0.5669870050620001,0.397613224181,0.42710283661700005,0.537291066317,0.305344968677,-0.263949492267,0.634271463923,0.312223099632,-0.299187799378,0.605485824405
29.9,0.380989982139,0.45327985762199996,0.569159475154,0.39313360756899995,0.43360265794200004,0.543873889359,0.305278211475,-0.260571160606,0.637041530184,0.310382002614,-0.290646427978,0.611791733287
30.0,0.380941434156,0.45320693133900003,0.571235206909,0.39033712909,0.437832928725,0.547783136707,0.30438309872200003,-0.256070860914,0.640572866968,0.30917803441799996,-0.285314294556,0.615467818422
30.1,0.379578961383,0.45435324786799997,0.573668864555,0.39033712909,0.437832928725,0.547783136707,0.305650800109,-0.251470842651,0.643479427866,0.30917803441799996,-0.285314294556,0.615467818422
30.2,0.378756029855,0.45578274606299995,0.5755667956539999,0.388214122704,0.44165967859300004,0.5508672453,0.30742660129099997,-0.246975758365,0.645935735277,0.308026804399,-0.280886253213,0.6181524271100001
30.3,0.378459705364,0.45695797084399997,0.577502992935,0.387859509759,0.44116396876999997,0.551130341782,0.307327687383,-0.24444458751999998,0.6487089605849999,0.30801584241999996,-0.28060571144,0.618433949169
30.4,0.378800673734,0.457974081026,0.579691973514,0.387892539361,0.44135803032300003,0.5511210771149999,0.30791550839000004,-0.241889932445,0.650092682413,0.308068448404,-0.280686393653,0.6184473524449999
30.5,0.377946539174,0.459418718801,0.582391408271,0.387877022566,0.441252655153,0.551121604232,0.308991819263,-0.239993372253,0.6510067792459999,0.30803322546399997,-0.280654297913,0.6184768065940001
30.6,0.37724087978500004,0.461259697662,0.585305598564,0.387811081406,0.44124604606600004,0.551229139172,0.309724598766,-0.238674589685,0.653302988581,0.30805360526000003,-0.280442152922,0.618641980023
30.7,0.376179201852,0.461971406923,0.58788940031,0.387811081406,0.44124604606600004,0.551229139172,0.309592157245,-0.236426809124,0.656077584795,0.30805360526000003,-0.280442152922,0.618641980023
30.8,0.37411774541000004,0.463424627768,0.5907202037039999,0.38753537667300003,0.441783110599,0.551984084284,0.30884548986,-0.23263562589,0.65877660232,0.308049946841,-0.278957667939,0.619488045466
30.9,0.373206211578,0.465261493908,0.593488899059,0.386963421117,0.442652292292,0.5537611960109999,0.307367443681,-0.228870370678,0.661246738009,0.30806279772399997,-0.27605297513099997,0.6215104483039999
31.0,0.372299446117,0.465408896194,0.5960291298100001,0.385733682959,0.44545421208400005,0.558557023512,0.308104246497,-0.227392056278,0.663675269655,0.308146398627,-0.269495987765,0.627018981572
31.1,0.370154751788,0.465831463324,0.599717882461,0.384610363007,0.447842139071,0.562516943403,0.308668464065,-0.22503904371599998,0.665463528208,0.30828142052499996,-0.264245301185,0.6314227965070001
31.2,0.36810608054300004,0.465933327661,0.603484180755,0.384610363007,0.447842139071,0.562516943403,0.307737737537,-0.223985650829,0.668855151705,0.30828142052499996,-0.264245301185,0.6314227965070001
31.3,0.366436763059,0.466506575333,0.606704262085,0.382991136721,0.451030764062,0.567675378398,0.3061075207,-0.222336569122,0.672492465548,0.308188237015,-0.257142507597,0.63700605679
31.4,0.364148063909,0.46753684161799997,0.610008505172,0.381690450465,0.453460555452,0.571481808551,0.30362722241900003,-0.21897760897,0.6762669892829999,0.308050095796,-0.251891044156,0.641067080196
31.5,0.362021876823,0.47010070561000006,0.6134436400600001,0.379972433485,0.456181277954,0.576037545529,0.301914959789,-0.216257193378,0.680052599482,0.308028599146,-0.24581098621599998,0.645859240527
31.6,0.359658671867,0.472766016708,0.617632177658,0.37933480787,0.457620691214,0.577791970926,0.299930303931,-0.21527031927499998,0.6845690818350001,0.307885540001,-0.243356365269,0.647673708564
31.7,0.357946915876,0.475120608793,0.6216349871819999,0.378884491865,0.458143175427,0.578855010841,0.298164635539,-0.213423707775,0.6868884177719999,0.307872845905,-0.241943067856,0.6487801665190001
31.8,0.35591976190700003,0.477498089062,0.62615743,0.378884491865,0.458143175427,0.578855010841,0.29723587596400003,-0.210664161733,0.6893161149539999,0.307872845905,-0.241943067856,0.6487801665190001
31.9,0.354355408203,0.477917616354,0.63025822956,0.37879670282600003,0.458149220987,0.579032719576,0.295710414291,-0.208388724617,0.692385992579,0.30786117285,-0.24169276930999997,0.648978751493
32.0,0.35407890225500005,0.47710538386000007,0.634051826782,0.378821720162,0.458340984362,0.579035493783,0.29398050868500003,-0.20632753639600002,0.694930276446,0.30793303733800004,-0.241774595548,0.648977335735
32.1,0.354193879615,0.474888031469,0.6376965316009999,0.37880025479,0.458174997059,0.579033590772,0.29319980704799997,-0.20617399483100002,0.6975862594169999,0.307875812488,-0.24170859477200002,0.648978815929
32.2,0.353982759963,0.47171941875100004,0.640908983535,0.37880025479,0.458174997059,0.579033590772,0.29152235353,-0.207194605163,0.702007255129,0.307875812488,-0.24170859477200002,0.648978815929
32.3,0.35381640340000003,0.47048116205799995,0.64387646038,0.378774206337,0.458310048877,0.579112131076,0.289254992843,-0.207789280704,0.705973348192,0.307842105088,-0.241712713866,0.6490407310499999
32.4,0.354345692645,0.46869019149400004,0.645644930191,0.37826891050800004,0.458828779053,0.580241242755,0.29001149499400003,-0.208982744506,0.708774766497,0.307177355162,-0.24160979289700002,0.65012865992
32.5,0.353176458131,0.467497770773,0.6474530966950001,0.37687888309,0.460234736154,0.583865196807,0.288327365756,-0.209714868358,0.711080274157,0.30459604109,-0.241063199949,0.655329099397
32.6,0.352980597268,0.466187869297,0.648850348777,0.375603929668,0.461482706678,0.5873117859529999,0.288454770684,-0.210415967992,0.71271904426,0.302513698979,-0.240323840888,0.659872343462
32.7,0.35243038679300004,0.464559112774,0.651482132263,0.373983881475,0.462884520573,0.591487730315,0.288985103011,-0.21266300349599998,0.7156639905490001,0.300167180531,-0.239007861634,0.665024238486
32.8,0.35213593984700003,0.461539571272,0.654140737838,0.37198341835999993,0.464648000039,0.5964678902489999,0.288116871953,-0.21461818485599998,0.718579253725,0.29755647380899997,-0.236797029823,0.6707162568949999
32.9,0.35177646423500003,0.45736667989299995,0.657954123802,0.37198341835999993,0.464648000039,0.5964678902489999,0.28765389287500004,-0.21674413352400002,0.721810302309,0.29755647380899997,-0.236797029823,0.6707162568949999
33.0,0.351743026029,0.45182607053400003,0.661644962616,0.366733966294,0.46886274615699997,0.608569909456,0.288083493352,-0.21999404697799999,0.724989614062,0.292777615988,-0.229167644773,0.682411006278
33.1,0.352461560022,0.445820127712,0.665393617935,0.364001498067,0.470899439471,0.614413605427,0.28811985218499997,-0.22303471832600003,0.7275838466210001,0.29154474316,-0.22441657206799998,0.686619864561
33.2,0.353124363672,0.439736579643,0.6689961226650001,0.36150264981700003,0.47269422661000005,0.619543978148,0.288205444455,-0.226351836017,0.7302089543860001,0.291115953684,-0.21980541085299998,0.689603660747
33.3,0.35455636526199996,0.434968684898,0.671274212188,0.359277705775,0.474195116969,0.62393146724,0.288505971074,-0.229959973386,0.732251605562,0.291301545341,-0.215704488245,0.691711390985
33.4,0.354974193822,0.431586329924,0.673591402359,0.359277705775,0.474195116969,0.62393146724,0.288203626514,-0.23265747099300002,0.7344023795640001,0.291301545341,-0.215704488245,0.691711390985
33.5,0.35350160146799997,0.43073368548,0.675784018821,0.35703859331,0.47582927910499995,0.628243686276,0.287216424585,-0.233724900774,0.735865435175,0.292070848399,-0.21148343632599997,0.6930837888089999
33.6,0.35197584177100005,0.43149561165399997,0.677305248565,0.35500236844099997,0.476987555924,0.631995994036,0.285885691285,-0.233844825319,0.737148007921,0.293123935099,-0.20766854730099998,0.693939223796
33.7,0.351472063314,0.430018161522,0.679379609413,0.35429445390000003,0.47741602088999996,0.633281769402,0.286930828929,-0.23558143644699997,0.738712272219,0.293594159467,-0.206337816807,0.6940929329559999
33.8,0.351155920278,0.42645460842699995,0.682139662094,0.35412716436700004,0.477576463137,0.6335943968159999,0.286063104511,-0.23752177625,0.740910729937,0.293760894047,-0.20606090079199998,0.6941375081029999
33.9,0.352429015886,0.421228294359,0.684005287475,0.35412716436700004,0.477576463137,0.6335943968159999,0.286530792356,-0.241034933618,0.7425064654870001,0.293760894047,-0.20606090079199998,0.6941375081029999
34.0,0.354239924203,0.41365457056599997,0.685099747963,0.354109269944,0.477408616019,0.633595079908,0.288291543365,-0.245208570055,0.743496379427,0.293636448182,-0.205927663278,0.694136012295
34.1,0.356114996921,0.407605861412,0.685729173011,0.35411380945200005,0.47742268212300004,0.633590832423,0.28997269237100004,-0.250418016008,0.744855603747,0.293655258076,-0.205947689502,0.6941348706460001
34.2,0.35650877500699996,0.40200371025700005,0.687581327743,0.354281622455,0.47748496416,0.634081255869,0.290198087335,-0.254547306589,0.746748408846,0.29365419311999996,-0.206353118349,0.6945830383820001
34.3,0.356906785022,0.39765939592,0.689183977432,0.354281622455,0.47748496416,0.634081255869,0.291146963477,-0.258103230289,0.747701487116,0.29365419311999996,-0.206353118349,0.6945830383820001
34.4,0.35894940639600004,0.39348504422799996,0.6898157866660001,0.35534647030100003,0.471408708837,0.638896280941,0.293101131559,-0.261400887064,0.748315534167,0.293032648954,-0.209979396918,0.69950408698
34.5,0.36126471901999996,0.389233176695,0.6902048857879999,0.35729739733000004,0.45586667017099997,0.6533021950010001,0.294483244062,-0.264736780218,0.7490017028370001,0.291610088962,-0.22079123095199998,0.7139856670520001
34.6,0.36351527119800003,0.382981930958,0.6915861638259999,0.356944668284,0.439196964413,0.664642239357,0.295966565252,-0.26818121343,0.749800405077,0.290511785323,-0.229541874416,0.724844484115
34.7,0.366041941892,0.375867729174,0.6922776969140001,0.356944668284,0.439196964413,0.664642239357,0.298000424743,-0.272660740903,0.750615081362,0.290511785323,-0.229541874416,0.724844484115
34.8,0.369578553687,0.368201379763,0.692543772049,0.35616559074799997,0.427626263587,0.6737170741949999,0.299905150771,-0.27755526571600003,0.7508222671070001,0.28948736113,-0.236583626688,0.7332158104600001
34.9,0.37321241046099995,0.36008894919,0.692386415786,0.354190292287,0.41365472953500004,0.683898882808,0.302940994144,-0.283207842401,0.750770768694,0.288223568695,-0.24456001793999999,0.742307723008
35.0,0.376497639667,0.352804337727,0.692268160171,0.354525965997,0.414649718816,0.684519331624,0.307054012656,-0.29010827212699997,0.749892673067,0.28806472322500004,-0.244877348838,0.742761592181
35.1,0.380485756647,0.345062648045,0.691478279419,0.354225379828,0.41349311215499995,0.684459933381,0.31208023393199996,-0.297833004287,0.748710593752,0.288113651123,-0.244967926549,0.74280650759
35.2,0.382761432182,0.33767843721999996,0.691922214813,0.354502136325,0.414619848704,0.684528085713,0.316019266486,-0.305694469503,0.7478116365,0.288070359261,-0.244910980693,0.7427976823960001
35.3,0.384755893003,0.330734078871,0.693757203407,0.354502136325,0.414619848704,0.684528085713,0.320255279184,-0.31193853288,0.7470726581139999,0.288070359261,-0.244910980693,0.7427976823960001
35.4,0.38711510444799996,0.326514099823,0.694566634483,0.354233411765,0.41352113851800004,0.684467064133,0.32203614676,-0.316520490936,0.746730527453,0.288089876987,-0.24492899676600002,0.7427937387800001
35.5,0.389280928623,0.324385111319,0.69396808464,0.35566236927199996,0.41234414999700003,0.684620050982,0.324123441816,-0.32005373506900003,0.746379813723,0.288662045598,-0.24616808154300002,0.742738147375
35.6,0.391506297838,0.321930741058,0.693576601333,0.35884434655,0.405709660999,0.6849890213169999,0.325939029098,-0.323097118429,0.7454199405230001,0.291605665982,-0.251196130438,0.742654527086
35.7,0.394228829395,0.319752370106,0.692083028144,0.362789102456,0.397791459464,0.685859542799,0.328824698568,-0.324885019354,0.744220337443,0.294562104948,-0.256962701555,0.7430875980149999
35.8,0.39758054758199995,0.318031792627,0.689345863647,0.362789102456,0.397791459464,0.685859542799,0.331844806314,-0.328539558939,0.742976507715,0.294562104948,-0.256962701555,0.7430875980149999
35.9,0.40072174216399997,0.31524664639100003,0.6878288062279999,0.36863680524000003,0.38532287969499995,0.6873040058,0.334172278285,-0.331876942209,0.742166242174,0.300804550587,-0.269192453315,0.7440315440449999
36.0,0.401526524078,0.31230834601999996,0.6881401808930001,0.379333584499,0.352474630887,0.690683712218,0.33525758946,-0.334628292612,0.7418460460230001,0.310073656149,-0.290097206532,0.745715388682
36.1,0.40223885918700003,0.310168449865,0.687705901451,0.382054085006,0.34295635365099997,0.691674305273,0.33601531350599995,-0.33611200123199997,0.740677318148,0.312786759334,-0.29694644673500004,0.7462492848700001
36.2,0.401946677219,0.311237071739,0.686132577247,0.382054085006,0.34295635365099997,0.691674305273,0.33634370529700003,-0.336217143825,0.7393934340989999,0.312786759334,-0.29694644673500004,0.7462492848700001
36.3,0.384574715776,0.330760346614,0.692946806224,0.383999687842,0.334053273489,0.692642983565,0.31594551968699996,-0.305311153793,0.7468760303049999,0.315156466187,-0.303153580586,0.746714177098
36.4,0.385170015434,0.331522666282,0.693004425195,0.384788550849,0.330778620291,0.692956711618,0.31587448142499996,-0.305320558609,0.746915517374,0.315986804013,-0.30546073580899996,0.746892557796
36.5,0.38484019239600004,0.330832975141,0.6930250085699999,0.385145270753,0.331491251213,0.693037236384,0.315970734904,-0.305467258457,0.746902541922,0.315849517801,-0.305285822211,0.7469141095540001
36.6,0.38512397477399996,0.331431896683,0.693019590541,0.38485883006399996,0.330857296102,0.693011212871,0.31586927399500003,-0.305315060207,0.7469156426260001,0.315968785278,-0.305461165154,0.7468997588740001
36.7,0.38512397477399996,0.331431896683,0.693019590541,0.385059272247,0.331305863615,0.693030875159,0.31586927399500003,-0.305315060207,0.7469156426260001,0.315922320818,-0.305390535877,0.7469055408830001
36.8,0.38508664189,0.331360879654,0.6930271078970001,0.38508664189,0.331360879654,0.6930271078970001,0.315906869596,-0.305370040309,0.746908647869,0.315906869596,-0.305370040309,0.746908647869
36.9,0.38491479469000006,0.330975578343,0.6930100844499999,0.38508664189,0.331360879654,0.6930271078970001,0.315910637121,-0.305375435479,0.746908537604,0.315906869596,-0.305370040309,0.746908647869
37.0,0.385062877604,0.331307580473,0.6930260948029999,0.38491115196900005,0.330974994385,0.6930165515610001,0.315934156536,-0.305409144322,0.74690469662,0.315894218735,-0.305352020537,0.7469111619850001
37.1,0.38493483099,0.33102170165600003,0.693012583979,0.385041354525,0.331256949545,0.693019525146,0.315897878032,-0.305356947867,0.746910072914,0.315933027186,-0.305409609861,0.746905613774
37.2,0.38493483099,0.33102170165600003,0.693012583979,0.384932336776,0.331015949836,0.69301400817,0.315897878032,-0.305356947867,0.746910072914,0.315901675531,-0.30536047208,0.7469089027019999
37.3,0.38495078682499995,0.331056194986,0.6930145035549999,0.38495078682499995,0.331056194986,0.6930145035549999,0.315908979148,-0.305371562242,0.746908070766,0.315908979148,-0.305371562242,0.746908070766
37.4,0.385031574241,0.331237859473,0.693021795053,0.38495078682499995,0.331056194986,0.6930145035549999,0.31591850540399996,-0.305388099244,0.746907680992,0.315908979148,-0.305371562242,0.746908070766
37.5,0.385031574241,0.331237859473,0.693021795053,0.38502475227899996,0.331221206511,0.6930203592090001,0.31591850540399996,-0.305388099244,0.746907680992,0.315907518863,-0.30537009126200004,0.746908272836
37.6,0.38495698541900003,0.331072793099,0.693016310133,0.384967623121,0.331093720991,0.693016323859,0.315924537405,-0.30539674313299997,0.746906573644,0.315926246483,-0.30539749758900003,0.74690592581
37.7,0.38496946823899997,0.331101249664,0.6930178451860001,0.38500312309100004,0.33117189398200003,0.693018201698,0.315922950172,-0.305394492045,0.746906892107,0.315911418761,-0.305377260423,0.746908454042
37.8,0.385014733256,0.331198910134,0.693019902438,0.38496673625600003,0.331092028335,0.6930162893009999,0.315912504037,-0.30537752454399997,0.746907615801,0.31592303965,-0.305392670431,0.7469062978100001
37.9,0.385014733256,0.331198910134,0.693019902438,0.38501816413,0.331207939104,0.6930206637999999,0.315912504037,-0.30537752454399997,0.746907615801,0.31591431772399997,-0.305381529761,0.7469080275480001
38.0,0.38500847362199997,0.33118660205600003,0.6930201602420001,0.38500847362199997,0.33118660205600003,0.6930201602420001,0.315916164232,-0.305384321137,0.746907825861,0.315916164232,-0.305384321137,0.746907825861
38.1,0.384981189687,0.331126214676,0.693017995854,0.38500847362199997,0.33118660205600003,0.6930201602420001,0.315915362584,-0.305382897521,0.746907833362,0.315916164232,-0.305384321137,0.746907825861
38.2,0.38500554947099996,0.331177505892,0.693018957877,0.384977272191,0.331118302277,0.693018182789,0.315920098477,-0.305388102998,0.746906631163,0.31591367823600003,-0.30538076705,0.74690817465
38.3,0.38500554947099996,0.331177505892,0.693018957877,0.38500567407799996,0.33118060077399997,0.6930198883159999,0.315920098477,-0.305388102998,0.746906631163,0.31591804158500003,-0.30538715841200004,0.746907521338
38.4,0.38498118903300005,0.331126970502,0.6930185409890001,0.384988271042,0.331142055864,0.693018810904,0.315914826356,-0.305382570736,0.746907945991,0.31591722276399997,-0.30538454245700003,0.7469069878669999
38.5,0.38500415592799997,0.331177275093,0.6930198834219999,0.385004303719,0.331174837938,0.693018719155,0.31591709588000005,-0.305385757574,0.74690765192,0.31591720262899997,-0.305383943815,0.746907029903
